fixture_id,source_snapshot,source_path,content_kind,served_url,sha256,license_provenance,sensitive,used_by,copy_decision,destination_path
127_0_0_1_entity_OBJECT_1_html,f7caa07,migration-sources/dezoomify-web/tests/fixtures/remote/127.0.0.1/entity/OBJECT/1.html,html,127.0.0.1/entity/OBJECT/1.html,ece641401fa83f5e9e9c30e4e225019ca2fbcf5afb23905cb25226b378d53eaa,GPL project test data (web GPL-2.0-or-later; rs GPL-3.0-only),false,phase-02 audit,curate-in-phase-03,testdata/scenarios/<owning-scenario>/payloads/127.0.0.1/entity/OBJECT/1.html
127_0_0_1_fixtures_iiif-default-port_info_json,f7caa07,migration-sources/dezoomify-web/tests/fixtures/remote/127.0.0.1/fixtures/iiif-default-port/info.json,json,127.0.0.1/fixtures/iiif-default-port/info.json,e5ce6bae1cee86bb8b19077e963425d0ff030e52fa6afe1337d955bbf8c79472,GPL project test data (web GPL-2.0-or-later; rs GPL-3.0-only),false,phase-02 audit,curate-in-phase-03,testdata/scenarios/<owning-scenario>/payloads/127.0.0.1/fixtures/iiif-default-port/info.json
127_0_0_1_fixtures_iiif-private-id_info_json,f7caa07,migration-sources/dezoomify-web/tests/fixtures/remote/127.0.0.1/fixtures/iiif-private-id/info.json,json,127.0.0.1/fixtures/iiif-private-id/info.json,dc83e38b7fbcda61d26c701c454777766182405bb3ba0e6b536dc45cdb0ca4af,GPL project test data (web GPL-2.0-or-later; rs GPL-3.0-only),false,phase-02 audit,curate-in-phase-03,testdata/scenarios/<owning-scenario>/payloads/127.0.0.1/fixtures/iiif-private-id/info.json
127_0_0_1_fixtures_iiif-v2_info_json,f7caa07,migration-sources/dezoomify-web/tests/fixtures/remote/127.0.0.1/fixtures/iiif-v2/info.json,json,127.0.0.1/fixtures/iiif-v2/info.json,ec1bb372634ac6676b0a5f704fc43d138ac7a25dcf3082f6e2632de0a8ca00d1,GPL project test data (web GPL-2.0-or-later; rs GPL-3.0-only),false,phase-02 audit,curate-in-phase-03,testdata/scenarios/<owning-scenario>/payloads/127.0.0.1/fixtures/iiif-v2/info.json
127_0_0_1_fixtures_pnav_image_json,f7caa07,migration-sources/dezoomify-web/tests/fixtures/remote/127.0.0.1/fixtures/pnav/image.json,json,127.0.0.1/fixtures/pnav/image.json,7118a8282f90e96c741a64eea9ee6cae149152f0a879ac30174a68a2e43f6713,GPL project test data (web GPL-2.0-or-later; rs GPL-3.0-only),false,phase-02 audit,curate-in-phase-03,testdata/scenarios/<owning-scenario>/payloads/127.0.0.1/fixtures/pnav/image.json
api_onb_ac_at_iiif_image_v3_10048A37_uk4nGb4kQHe3msbC_info_json,f7caa07,migration-sources/dezoomify-web/tests/fixtures/remote/api.onb.ac.at/iiif/image/v3/10048A37/uk4nGb4kQHe3msbC/info.json,json,api.onb.ac.at/iiif/image/v3/10048A37/uk4nGb4kQHe3msbC/info.json,ccb53639d05b8d4dd2a97ea408ab97f51c1848b0cbbb7605679e25220041a0d9,GPL project test data (web GPL-2.0-or-later; rs GPL-3.0-only),false,phase-02 audit,curate-in-phase-03,testdata/scenarios/<owning-scenario>/payloads/api.onb.ac.at/iiif/image/v3/10048A37/uk4nGb4kQHe3msbC/info.json
api_onb_ac_at_iiif_presentation_v3_manifest_10048A37_json,f7caa07,migration-sources/dezoomify-web/tests/fixtures/remote/api.onb.ac.at/iiif/presentation/v3/manifest/10048A37.json,json,api.onb.ac.at/iiif/presentation/v3/manifest/10048A37.json,e92afc528b27b3db5994e41a1b7d7f8d07c7ee1215bde6a4d43fae47618abb50,GPL project test data (web GPL-2.0-or-later; rs GPL-3.0-only),false,phase-02 audit,curate-in-phase-03,testdata/scenarios/<owning-scenario>/payloads/api.onb.ac.at/iiif/presentation/v3/manifest/10048A37.json
api_onb_ac_at_iiif_presentation_v3_manifest_DTL_7039594_json,f7caa07,migration-sources/dezoomify-web/tests/fixtures/remote/api.onb.ac.at/iiif/presentation/v3/manifest/DTL_7039594.json,json,api.onb.ac.at/iiif/presentation/v3/manifest/DTL_7039594.json,e92afc528b27b3db5994e41a1b7d7f8d07c7ee1215bde6a4d43fae47618abb50,GPL project test data (web GPL-2.0-or-later; rs GPL-3.0-only),false,phase-02 audit,curate-in-phase-03,testdata/scenarios/<owning-scenario>/payloads/api.onb.ac.at/iiif/presentation/v3/manifest/DTL_7039594.json
artsandculture_google_com_arts_path=g_xml,f7caa07,migration-sources/dezoomify-web/tests/fixtures/remote/artsandculture.google.com/arts/path=g.xml,xml,artsandculture.google.com/arts/path=g.xml,7e60f681fcf1772b1c96f7de0fc4bb105e0dfb9ead483a014836554a9d1d80e7,GPL project test data (web GPL-2.0-or-later; rs GPL-3.0-only),review:test-double-token,phase-02 audit,curate-in-phase-03,testdata/scenarios/<owning-scenario>/payloads/artsandculture.google.com/arts/path=g.xml
artsandculture_google_com_arts_plain=g_xml,f7caa07,migration-sources/dezoomify-web/tests/fixtures/remote/artsandculture.google.com/arts/plain=g.xml,xml,artsandculture.google.com/arts/plain=g.xml,7e60f681fcf1772b1c96f7de0fc4bb105e0dfb9ead483a014836554a9d1d80e7,GPL project test data (web GPL-2.0-or-later; rs GPL-3.0-only),review:test-double-token,phase-02 audit,curate-in-phase-03,testdata/scenarios/<owning-scenario>/payloads/artsandculture.google.com/arts/plain=g.xml
artsandculture_google_com_asset_fixture_html,f7caa07,migration-sources/dezoomify-web/tests/fixtures/remote/artsandculture.google.com/asset/fixture.html,html,artsandculture.google.com/asset/fixture.html,43e21b831ce89ae59418d1fff9628865f6ad59dd63e0a36dc45788a0b3646a24,GPL project test data (web GPL-2.0-or-later; rs GPL-3.0-only),review:test-double-token,phase-02 audit,curate-in-phase-03,testdata/scenarios/<owning-scenario>/payloads/artsandculture.google.com/asset/fixture.html
artsandculture_google_com_asset_plain_html,f7caa07,migration-sources/dezoomify-web/tests/fixtures/remote/artsandculture.google.com/asset/plain.html,html,artsandculture.google.com/asset/plain.html,4edaaac3a28fa8d4ce4ba771f2062ac82ef41bd8848df199193edffa7ae6123b,GPL project test data (web GPL-2.0-or-later; rs GPL-3.0-only),review:test-double-token,phase-02 audit,curate-in-phase-03,testdata/scenarios/<owning-scenario>/payloads/artsandculture.google.com/asset/plain.html
biblio_unibe_ch_web-apps_maps_zoomify_php_html,f7caa07,migration-sources/dezoomify-web/tests/fixtures/remote/biblio.unibe.ch/web-apps/maps/zoomify.php.html,html,biblio.unibe.ch/web-apps/maps/zoomify.php.html,678a2f8ef13e6652291be598ab22869542bd6031ddbf954b875d598a1bdd669f,GPL project test data (web GPL-2.0-or-later; rs GPL-3.0-only),false,phase-02 audit,curate-in-phase-03,testdata/scenarios/<owning-scenario>/payloads/biblio.unibe.ch/web-apps/maps/zoomify.php.html
biblio_unibe_ch_zoomify_ImageProperties_xml,f7caa07,migration-sources/dezoomify-web/tests/fixtures/remote/biblio.unibe.ch/zoomify/ImageProperties.xml,xml,biblio.unibe.ch/zoomify/ImageProperties.xml,8db06c7abea88605d4be80fc16b8cb4bf71caca948fedcf378968b4a5af795d4,GPL project test data (web GPL-2.0-or-later; rs GPL-3.0-only),false,phase-02 audit,curate-in-phase-03,testdata/scenarios/<owning-scenario>/payloads/biblio.unibe.ch/zoomify/ImageProperties.xml
bibliotheques-specialisees_paris_fr_in_imageReader_xhtml_html,f7caa07,migration-sources/dezoomify-web/tests/fixtures/remote/bibliotheques-specialisees.paris.fr/in/imageReader.xhtml.html,html,bibliotheques-specialisees.paris.fr/in/imageReader.xhtml.html,2f0444eea97c0f3d317f53f65f2203ad61509ffb6503e709f884cb58c327d0e5,GPL project test data (web GPL-2.0-or-later; rs GPL-3.0-only),false,phase-02 audit,curate-in-phase-03,testdata/scenarios/<owning-scenario>/payloads/bibliotheques-specialisees.paris.fr/in/imageReader.xhtml.html
bspe-p-pub_paris_fr_MDBGED_zoomify-BFS_aspx_html,f7caa07,migration-sources/dezoomify-web/tests/fixtures/remote/bspe-p-pub.paris.fr/MDBGED/zoomify-BFS.aspx.html,html,bspe-p-pub.paris.fr/MDBGED/zoomify-BFS.aspx.html,22d7ef7977789dbc53de6daa621c4fe0772581adc511f720160e592a485454a9,GPL project test data (web GPL-2.0-or-later; rs GPL-3.0-only),false,phase-02 audit,curate-in-phase-03,testdata/scenarios/<owning-scenario>/payloads/bspe-p-pub.paris.fr/MDBGED/zoomify-BFS.aspx.html
bspe-p-pub_paris_fr_zoomify_ImageProperties_xml,f7caa07,migration-sources/dezoomify-web/tests/fixtures/remote/bspe-p-pub.paris.fr/zoomify/ImageProperties.xml,xml,bspe-p-pub.paris.fr/zoomify/ImageProperties.xml,8db06c7abea88605d4be80fc16b8cb4bf71caca948fedcf378968b4a5af795d4,GPL project test data (web GPL-2.0-or-later; rs GPL-3.0-only),false,phase-02 audit,curate-in-phase-03,testdata/scenarios/<owning-scenario>/payloads/bspe-p-pub.paris.fr/zoomify/ImageProperties.xml
collections_londonmuseum_net_iiif_3_object-95380_ptif_info_json,f7caa07,migration-sources/dezoomify-web/tests/fixtures/remote/collections.londonmuseum.net/iiif/3/object-95380.ptif/info.json,json,collections.londonmuseum.net/iiif/3/object-95380.ptif/info.json,13a3c802b2a582470e3f731d0afd8991b5f71a65f5863d4297ce083ba5407649,GPL project test data (web GPL-2.0-or-later; rs GPL-3.0-only),false,phase-02 audit,curate-in-phase-03,testdata/scenarios/<owning-scenario>/payloads/collections.londonmuseum.net/iiif/3/object-95380.ptif/info.json
fixtures_test_iip_txt,f7caa07,migration-sources/dezoomify-web/tests/fixtures/remote/fixtures.test/iip.txt,txt,fixtures.test/iip.txt,1baf403321c0c6e010093c0e4621b207390eaa01c6fba3837efb4455cf4b1480,GPL project test data (web GPL-2.0-or-later; rs GPL-3.0-only),false,phase-02 audit,curate-in-phase-03,testdata/scenarios/<owning-scenario>/payloads/fixtures.test/iip.txt
fixtures_test_londonmuseum-object_html,f7caa07,migration-sources/dezoomify-web/tests/fixtures/remote/fixtures.test/londonmuseum-object.html,html,fixtures.test/londonmuseum-object.html,edcc8e01a2f274f4f733df749304d92754c0738266121fd34ec646f967696d01,GPL project test data (web GPL-2.0-or-later; rs GPL-3.0-only),false,phase-02 audit,curate-in-phase-03,testdata/scenarios/<owning-scenario>/payloads/fixtures.test/londonmuseum-object.html
fixtures_test_micrio-custom-element_html,f7caa07,migration-sources/dezoomify-web/tests/fixtures/remote/fixtures.test/micrio-custom-element.html,html,fixtures.test/micrio-custom-element.html,9ba9c2d237ee42a4ba7cc364448252fc32975e5739e53272333cdcb05ca8ab31,GPL project test data (web GPL-2.0-or-later; rs GPL-3.0-only),false,phase-02 audit,curate-in-phase-03,testdata/scenarios/<owning-scenario>/payloads/fixtures.test/micrio-custom-element.html
fixtures_test_national-gallery_html,f7caa07,migration-sources/dezoomify-web/tests/fixtures/remote/fixtures.test/national-gallery.html,html,fixtures.test/national-gallery.html,9d35e9db18948913b1eb17d5769517805dd56b18ed537518e024d1f5647b2f68,GPL project test data (web GPL-2.0-or-later; rs GPL-3.0-only),false,phase-02 audit,curate-in-phase-03,testdata/scenarios/<owning-scenario>/payloads/fixtures.test/national-gallery.html
fixtures_test_philamuseum-escaped-shortid_html,f7caa07,migration-sources/dezoomify-web/tests/fixtures/remote/fixtures.test/philamuseum-escaped-shortid.html,html,fixtures.test/philamuseum-escaped-shortid.html,afc62bee8623d97eed652d5dd959c129b63954036149d71bf9c35898e7048d73,GPL project test data (web GPL-2.0-or-later; rs GPL-3.0-only),false,phase-02 audit,curate-in-phase-03,testdata/scenarios/<owning-scenario>/payloads/fixtures.test/philamuseum-escaped-shortid.html
fixtures_test_philamuseum-raw-shortid_html,f7caa07,migration-sources/dezoomify-web/tests/fixtures/remote/fixtures.test/philamuseum-raw-shortid.html,html,fixtures.test/philamuseum-raw-shortid.html,7eaeed4c489802ba0ac1c5c22c2bcad20bbb97a9d0fb102200971338b0ebfb3c,GPL project test data (web GPL-2.0-or-later; rs GPL-3.0-only),false,phase-02 audit,curate-in-phase-03,testdata/scenarios/<owning-scenario>/payloads/fixtures.test/philamuseum-raw-shortid.html
fixtures_test_server_iip_json,f7caa07,migration-sources/dezoomify-web/tests/fixtures/remote/fixtures.test/server.iip.json,json,fixtures.test/server.iip.json,36db8b41b45cea01b67e1f71c41451de8e99e55bb7c42cf0040a92a91873badf,GPL project test data (web GPL-2.0-or-later; rs GPL-3.0-only),false,phase-02 audit,curate-in-phase-03,testdata/scenarios/<owning-scenario>/payloads/fixtures.test/server.iip.json
fixtures_test_arcgis_MapServer_json,f7caa07,migration-sources/dezoomify-web/tests/fixtures/remote/fixtures.test/arcgis/MapServer.json,json,fixtures.test/arcgis/MapServer.json,76eddfaf3613513920d90017875ff2c4024ab5289fda61943472e937c1cd50e0,GPL project test data (web GPL-2.0-or-later; rs GPL-3.0-only),false,phase-02 audit,curate-in-phase-03,testdata/scenarios/<owning-scenario>/payloads/fixtures.test/arcgis/MapServer.json
fixtures_test_arcgis_uncached_MapServer_json,f7caa07,migration-sources/dezoomify-web/tests/fixtures/remote/fixtures.test/arcgis/uncached/MapServer.json,json,fixtures.test/arcgis/uncached/MapServer.json,cba79f3b84bbc5db75df3d77fbfcef48128d74b6ac62cce71aecf984276ea6d4,GPL project test data (web GPL-2.0-or-later; rs GPL-3.0-only),false,phase-02 audit,curate-in-phase-03,testdata/scenarios/<owning-scenario>/payloads/fixtures.test/arcgis/uncached/MapServer.json
fixtures_test_arts_encrypted-tile_b64,f7caa07,migration-sources/dezoomify-web/tests/fixtures/remote/fixtures.test/arts/encrypted-tile.b64,b64,fixtures.test/arts/encrypted-tile.b64,d316a5a61cc50ea1cb213639ccc81cad8e76f5c95758ae33f629cd859191bd30,GPL project test data (web GPL-2.0-or-later; rs GPL-3.0-only),review:test-double-token,phase-02 audit,curate-in-phase-03,testdata/scenarios/<owning-scenario>/payloads/fixtures.test/arts/encrypted-tile.b64
fixtures_test_automatic_child_html,f7caa07,migration-sources/dezoomify-web/tests/fixtures/remote/fixtures.test/automatic/child.html,html,fixtures.test/automatic/child.html,c1dc265457c27bd46b119ff2fa51ad44862d68cbfec2b592e021f44824fb0af6,GPL project test data (web GPL-2.0-or-later; rs GPL-3.0-only),false,phase-02 audit,curate-in-phase-03,testdata/scenarios/<owning-scenario>/payloads/fixtures.test/automatic/child.html
fixtures_test_automatic_cycle-a_html,f7caa07,migration-sources/dezoomify-web/tests/fixtures/remote/fixtures.test/automatic/cycle-a.html,html,fixtures.test/automatic/cycle-a.html,d724bf123989ca3eb66152278991276b8e1029fbed14648fca618ba9ccdc07e0,GPL project test data (web GPL-2.0-or-later; rs GPL-3.0-only),false,phase-02 audit,curate-in-phase-03,testdata/scenarios/<owning-scenario>/payloads/fixtures.test/automatic/cycle-a.html
fixtures_test_automatic_cycle-b_html,f7caa07,migration-sources/dezoomify-web/tests/fixtures/remote/fixtures.test/automatic/cycle-b.html,html,fixtures.test/automatic/cycle-b.html,f01d1413eb9018003c7574e40d805d6cc960742cc477e1ada170d8c33a862ca4,GPL project test data (web GPL-2.0-or-later; rs GPL-3.0-only),false,phase-02 audit,curate-in-phase-03,testdata/scenarios/<owning-scenario>/payloads/fixtures.test/automatic/cycle-b.html
fixtures_test_automatic_precedence_html,f7caa07,migration-sources/dezoomify-web/tests/fixtures/remote/fixtures.test/automatic/precedence.html,html,fixtures.test/automatic/precedence.html,fee41012c3cf948fa0445c19e96af90bad9a95d86475c96dc9c07475ede887d7,GPL project test data (web GPL-2.0-or-later; rs GPL-3.0-only),false,phase-02 audit,curate-in-phase-03,testdata/scenarios/<owning-scenario>/payloads/fixtures.test/automatic/precedence.html
fixtures_test_automatic_repeated-parent_html,f7caa07,migration-sources/dezoomify-web/tests/fixtures/remote/fixtures.test/automatic/repeated-parent.html,html,fixtures.test/automatic/repeated-parent.html,7fdabf6daa22d505cf9a490573ce2ba1e8928bc4475ca4780d7b956091a4b0b7,GPL project test data (web GPL-2.0-or-later; rs GPL-3.0-only),false,phase-02 audit,curate-in-phase-03,testdata/scenarios/<owning-scenario>/payloads/fixtures.test/automatic/repeated-parent.html
fixtures_test_deepzoom_dzi-link_html,f7caa07,migration-sources/dezoomify-web/tests/fixtures/remote/fixtures.test/deepzoom/dzi-link.html,html,fixtures.test/deepzoom/dzi-link.html,bc70fcf5baed099e66ba5bb7862ac3c0e4cb476c282209e4ae8d8ce45e8fca73,GPL project test data (web GPL-2.0-or-later; rs GPL-3.0-only),false,phase-02 audit,curate-in-phase-03,testdata/scenarios/<owning-scenario>/payloads/fixtures.test/deepzoom/dzi-link.html
fixtures_test_deepzoom_dzi-query_html,f7caa07,migration-sources/dezoomify-web/tests/fixtures/remote/fixtures.test/deepzoom/dzi-query.html,html,fixtures.test/deepzoom/dzi-query.html,a89f75b6580fae8357116ceca28da54e975fd1bb8043f7c814bd8e507cbb3291,GPL project test data (web GPL-2.0-or-later; rs GPL-3.0-only),false,phase-02 audit,curate-in-phase-03,testdata/scenarios/<owning-scenario>/payloads/fixtures.test/deepzoom/dzi-query.html
fixtures_test_deepzoom_iframe-child_html,f7caa07,migration-sources/dezoomify-web/tests/fixtures/remote/fixtures.test/deepzoom/iframe-child.html,html,fixtures.test/deepzoom/iframe-child.html,bc70fcf5baed099e66ba5bb7862ac3c0e4cb476c282209e4ae8d8ce45e8fca73,GPL project test data (web GPL-2.0-or-later; rs GPL-3.0-only),false,phase-02 audit,curate-in-phase-03,testdata/scenarios/<owning-scenario>/payloads/fixtures.test/deepzoom/iframe-child.html
fixtures_test_deepzoom_iframe-parent_html,f7caa07,migration-sources/dezoomify-web/tests/fixtures/remote/fixtures.test/deepzoom/iframe-parent.html,html,fixtures.test/deepzoom/iframe-parent.html,fe8420b8fe6795ce1f88f4939a0bf59c9d24930cf35ba02fadca6eab232afa37,GPL project test data (web GPL-2.0-or-later; rs GPL-3.0-only),false,phase-02 audit,curate-in-phase-03,testdata/scenarios/<owning-scenario>/payloads/fixtures.test/deepzoom/iframe-parent.html
fixtures_test_deepzoom_jpeg_dzi,f7caa07,migration-sources/dezoomify-web/tests/fixtures/remote/fixtures.test/deepzoom/jpeg.dzi,dzi,fixtures.test/deepzoom/jpeg.dzi,caebea12715437b1e0934c41fe3452e409b76ab2bb21d5ff1478513f56ee1944,GPL project test data (web GPL-2.0-or-later; rs GPL-3.0-only),false,phase-02 audit,curate-in-phase-03,testdata/scenarios/<owning-scenario>/payloads/fixtures.test/deepzoom/jpeg.dzi
fixtures_test_deepzoom_legacy-embed_html,f7caa07,migration-sources/dezoomify-web/tests/fixtures/remote/fixtures.test/deepzoom/legacy-embed.html,html,fixtures.test/deepzoom/legacy-embed.html,20bd90ddd36585937fd6e014c3345509d07d280dfc63c763ef8050629689829e,GPL project test data (web GPL-2.0-or-later; rs GPL-3.0-only),false,phase-02 audit,curate-in-phase-03,testdata/scenarios/<owning-scenario>/payloads/fixtures.test/deepzoom/legacy-embed.html
fixtures_test_deepzoom_legacy_xml,f7caa07,migration-sources/dezoomify-web/tests/fixtures/remote/fixtures.test/deepzoom/legacy.xml,xml,fixtures.test/deepzoom/legacy.xml,af3554d990f73332f187c1eaf57b0d23f4c63022470c492da622ec9510ad2ee1,GPL project test data (web GPL-2.0-or-later; rs GPL-3.0-only),false,phase-02 audit,curate-in-phase-03,testdata/scenarios/<owning-scenario>/payloads/fixtures.test/deepzoom/legacy.xml
fixtures_test_deepzoom_overlap_dzi,f7caa07,migration-sources/dezoomify-web/tests/fixtures/remote/fixtures.test/deepzoom/overlap.dzi,dzi,fixtures.test/deepzoom/overlap.dzi,ebd1f0bfd6724b394fe64fa3614a0298e04ca8c7929002a8b697e76c39493161,GPL project test data (web GPL-2.0-or-later; rs GPL-3.0-only),false,phase-02 audit,curate-in-phase-03,testdata/scenarios/<owning-scenario>/payloads/fixtures.test/deepzoom/overlap.dzi
fixtures_test_deepzoom_png_dzi,f7caa07,migration-sources/dezoomify-web/tests/fixtures/remote/fixtures.test/deepzoom/png.dzi,dzi,fixtures.test/deepzoom/png.dzi,d030e898f54d5c2d294a8a67dd51b3feaad29fbebdb64c08182f51e3017b538f,GPL project test data (web GPL-2.0-or-later; rs GPL-3.0-only),false,phase-02 audit,curate-in-phase-03,testdata/scenarios/<owning-scenario>/payloads/fixtures.test/deepzoom/png.dzi
fixtures_test_deepzoom_sample_dzi,f7caa07,migration-sources/dezoomify-web/tests/fixtures/remote/fixtures.test/deepzoom/sample.dzi,dzi,fixtures.test/deepzoom/sample.dzi,af3554d990f73332f187c1eaf57b0d23f4c63022470c492da622ec9510ad2ee1,GPL project test data (web GPL-2.0-or-later; rs GPL-3.0-only),false,phase-02 audit,curate-in-phase-03,testdata/scenarios/<owning-scenario>/payloads/fixtures.test/deepzoom/sample.dzi
fixtures_test_deepzoom_wdl-12-34_dzi,f7caa07,migration-sources/dezoomify-web/tests/fixtures/remote/fixtures.test/deepzoom/wdl-12-34.dzi,dzi,fixtures.test/deepzoom/wdl-12-34.dzi,af3554d990f73332f187c1eaf57b0d23f4c63022470c492da622ec9510ad2ee1,GPL project test data (web GPL-2.0-or-later; rs GPL-3.0-only),false,phase-02 audit,curate-in-phase-03,testdata/scenarios/<owning-scenario>/payloads/fixtures.test/deepzoom/wdl-12-34.dzi
fixtures_test_deepzoom_xml-link_html,f7caa07,migration-sources/dezoomify-web/tests/fixtures/remote/fixtures.test/deepzoom/xml-link.html,html,fixtures.test/deepzoom/xml-link.html,3a8e4e464299030bba32f25f3b935f13a8d5b9f5fec1c693e8743fbd3fcb1f1f,GPL project test data (web GPL-2.0-or-later; rs GPL-3.0-only),false,phase-02 audit,curate-in-phase-03,testdata/scenarios/<owning-scenario>/payloads/fixtures.test/deepzoom/xml-link.html
fixtures_test_deepzoom_zoomhub_html,f7caa07,migration-sources/dezoomify-web/tests/fixtures/remote/fixtures.test/deepzoom/zoomhub.html,html,fixtures.test/deepzoom/zoomhub.html,2ebd815900167fc64b5b3560174b9959c0e811aca639f1cafda7298aaba4f2f5,GPL project test data (web GPL-2.0-or-later; rs GPL-3.0-only),false,phase-02 audit,curate-in-phase-03,testdata/scenarios/<owning-scenario>/payloads/fixtures.test/deepzoom/zoomhub.html
fixtures_test_deepzoom_zoomit_html,f7caa07,migration-sources/dezoomify-web/tests/fixtures/remote/fixtures.test/deepzoom/zoomit.html,html,fixtures.test/deepzoom/zoomit.html,7c69fac14b4fbd2021995f63d834c7159e72d991279258252f07a96e9ab0ef62,GPL project test data (web GPL-2.0-or-later; rs GPL-3.0-only),false,phase-02 audit,curate-in-phase-03,testdata/scenarios/<owning-scenario>/payloads/fixtures.test/deepzoom/zoomit.html
fixtures_test_digital_api_singleitem_collection_OKMaps_id_6483_json,f7caa07,migration-sources/dezoomify-web/tests/fixtures/remote/fixtures.test/digital/api/singleitem/collection/OKMaps/id/6483.json,json,fixtures.test/digital/api/singleitem/collection/OKMaps/id/6483.json,ac620e23a122e7acc8cd4fa8eb6ac968758b4257f86e5b38cf79c897289a9e83,GPL project test data (web GPL-2.0-or-later; rs GPL-3.0-only),false,phase-02 audit,curate-in-phase-03,testdata/scenarios/<owning-scenario>/payloads/fixtures.test/digital/api/singleitem/collection/OKMaps/id/6483.json
fixtures_test_digital_iiif_OKMaps_6483_info_json,f7caa07,migration-sources/dezoomify-web/tests/fixtures/remote/fixtures.test/digital/iiif/OKMaps/6483/info.json,json,fixtures.test/digital/iiif/OKMaps/6483/info.json,f2e7fdc8a540a893fe69f1ee467d21106ad53b13f8d0c7d15ad95f53fb2a156a,GPL project test data (web GPL-2.0-or-later; rs GPL-3.0-only),false,phase-02 audit,curate-in-phase-03,testdata/scenarios/<owning-scenario>/payloads/fixtures.test/digital/iiif/OKMaps/6483/info.json
fixtures_test_entity_OBJECT_1_html,f7caa07,migration-sources/dezoomify-web/tests/fixtures/remote/fixtures.test/entity/OBJECT/1.html,html,fixtures.test/entity/OBJECT/1.html,ece641401fa83f5e9e9c30e4e225019ca2fbcf5afb23905cb25226b378d53eaa,GPL project test data (web GPL-2.0-or-later; rs GPL-3.0-only),false,phase-02 audit,curate-in-phase-03,testdata/scenarios/<owning-scenario>/payloads/fixtures.test/entity/OBJECT/1.html
fixtures_test_fsi_server_txt,f7caa07,migration-sources/dezoomify-web/tests/fixtures/remote/fixtures.test/fsi/server.txt,txt,fixtures.test/fsi/server.txt,206ccb6989b5ce73434b5925d8b69cde28bbb2f7ddcaa85359a7dce2802190c8,GPL project test data (web GPL-2.0-or-later; rs GPL-3.0-only),false,phase-02 audit,curate-in-phase-03,testdata/scenarios/<owning-scenario>/payloads/fixtures.test/fsi/server.txt
fixtures_test_hungaricana_files-url_html,f7caa07,migration-sources/dezoomify-web/tests/fixtures/remote/fixtures.test/hungaricana/files-url.html,html,fixtures.test/hungaricana/files-url.html,f3fdb66c49a05aa298c899bb80ee13c7fc1e4b96c5686f202f685ee05c778460,GPL project test data (web GPL-2.0-or-later; rs GPL-3.0-only),false,phase-02 audit,curate-in-phase-03,testdata/scenarios/<owning-scenario>/payloads/fixtures.test/hungaricana/files-url.html
fixtures_test_hungaricana_files_json,f7caa07,migration-sources/dezoomify-web/tests/fixtures/remote/fixtures.test/hungaricana/files.json,json,fixtures.test/hungaricana/files.json,9d3dcff3fa64f8df8f6996884ac733640af2a95bdf21c18616395019f26eb713,GPL project test data (web GPL-2.0-or-later; rs GPL-3.0-only),false,phase-02 audit,curate-in-phase-03,testdata/scenarios/<owning-scenario>/payloads/fixtures.test/hungaricana/files.json
fixtures_test_hungaricana_imagepath_html,f7caa07,migration-sources/dezoomify-web/tests/fixtures/remote/fixtures.test/hungaricana/imagepath.html,html,fixtures.test/hungaricana/imagepath.html,073d6622564354bea266422e29a048be7e9a1ec4545452040d780d32e2c8bfbb,GPL project test data (web GPL-2.0-or-later; rs GPL-3.0-only),false,phase-02 audit,curate-in-phase-03,testdata/scenarios/<owning-scenario>/payloads/fixtures.test/hungaricana/imagepath.html
fixtures_test_hungaricana_inline-files_html,f7caa07,migration-sources/dezoomify-web/tests/fixtures/remote/fixtures.test/hungaricana/inline-files.html,html,fixtures.test/hungaricana/inline-files.html,bf627a7416ae97f11159c29855de2c493f4ef3e01c468683afbd849bfb834d9c,GPL project test data (web GPL-2.0-or-later; rs GPL-3.0-only),false,phase-02 audit,curate-in-phase-03,testdata/scenarios/<owning-scenario>/payloads/fixtures.test/hungaricana/inline-files.html
fixtures_test_hungaricana_inline-images_html,f7caa07,migration-sources/dezoomify-web/tests/fixtures/remote/fixtures.test/hungaricana/inline-images.html,html,fixtures.test/hungaricana/inline-images.html,77f0487927dce512e4f42f5c54503a999f808ac2ddcb8f3c8011bf613c89bf6b,GPL project test data (web GPL-2.0-or-later; rs GPL-3.0-only),false,phase-02 audit,curate-in-phase-03,testdata/scenarios/<owning-scenario>/payloads/fixtures.test/hungaricana/inline-images.html
fixtures_test_hungaricana_imagesize_sample_ecw_json,f7caa07,migration-sources/dezoomify-web/tests/fixtures/remote/fixtures.test/hungaricana/imagesize/sample.ecw.json,json,fixtures.test/hungaricana/imagesize/sample.ecw.json,9d9f567c8e3714bb13abd5d55b66d86cc01b582a68fa7ad775bd6130fa52e1a6,GPL project test data (web GPL-2.0-or-later; rs GPL-3.0-only),false,phase-02 audit,curate-in-phase-03,testdata/scenarios/<owning-scenario>/payloads/fixtures.test/hungaricana/imagesize/sample.ecw.json
fixtures_test_iiif_van-gogh_html,f7caa07,migration-sources/dezoomify-web/tests/fixtures/remote/fixtures.test/iiif/van-gogh.html,html,fixtures.test/iiif/van-gogh.html,9d7d8423ab6f02045ac52b7b24df90fc2ba9213d629048da37acb74c23107c9c,GPL project test data (web GPL-2.0-or-later; rs GPL-3.0-only),false,phase-02 audit,curate-in-phase-03,testdata/scenarios/<owning-scenario>/payloads/fixtures.test/iiif/van-gogh.html
fixtures_test_iiif-malformed-tile_info_json,f7caa07,migration-sources/dezoomify-web/tests/fixtures/remote/fixtures.test/iiif-malformed-tile/info.json,json,fixtures.test/iiif-malformed-tile/info.json,f654bad329cc4212424fded628e1d6449601e98a57287673760c90959d681194,GPL project test data (web GPL-2.0-or-later; rs GPL-3.0-only),false,phase-02 audit,curate-in-phase-03,testdata/scenarios/<owning-scenario>/payloads/fixtures.test/iiif-malformed-tile/info.json
fixtures_test_iiif-presentation_manifest_json,f7caa07,migration-sources/dezoomify-web/tests/fixtures/remote/fixtures.test/iiif-presentation/manifest.json,json,fixtures.test/iiif-presentation/manifest.json,b2ccf802b446006a0014e108632acc7260844c7aef24332bc686eb1aefcf2645,GPL project test data (web GPL-2.0-or-later; rs GPL-3.0-only),false,phase-02 audit,curate-in-phase-03,testdata/scenarios/<owning-scenario>/payloads/fixtures.test/iiif-presentation/manifest.json
fixtures_test_iiif-presentation_plain-image-manifest_json,f7caa07,migration-sources/dezoomify-web/tests/fixtures/remote/fixtures.test/iiif-presentation/plain-image-manifest.json,json,fixtures.test/iiif-presentation/plain-image-manifest.json,9f3092c52b18b93886c9e5c37826721799446124a864fd7effbd5d5c21d9e8e8,GPL project test data (web GPL-2.0-or-later; rs GPL-3.0-only),false,phase-02 audit,curate-in-phase-03,testdata/scenarios/<owning-scenario>/payloads/fixtures.test/iiif-presentation/plain-image-manifest.json
fixtures_test_iiif-presentation_image_info_json,f7caa07,migration-sources/dezoomify-web/tests/fixtures/remote/fixtures.test/iiif-presentation/image/info.json,json,fixtures.test/iiif-presentation/image/info.json,fa0f65795ec44b7ab8a0dd9c34d27f77048757d017691463dc51410bf5f84564,GPL project test data (web GPL-2.0-or-later; rs GPL-3.0-only),false,phase-02 audit,curate-in-phase-03,testdata/scenarios/<owning-scenario>/payloads/fixtures.test/iiif-presentation/image/info.json
fixtures_test_iiif-v3_info_json,f7caa07,migration-sources/dezoomify-web/tests/fixtures/remote/fixtures.test/iiif-v3/info.json,json,fixtures.test/iiif-v3/info.json,a61b549a66b7c18f8d2764d77c972b413639d3396f08b08bc7740b9f1b6f3ea7,GPL project test data (web GPL-2.0-or-later; rs GPL-3.0-only),false,phase-02 audit,curate-in-phase-03,testdata/scenarios/<owning-scenario>/payloads/fixtures.test/iiif-v3/info.json
fixtures_test_krpano_pano_xml,f7caa07,migration-sources/dezoomify-web/tests/fixtures/remote/fixtures.test/krpano/pano.xml,xml,fixtures.test/krpano/pano.xml,c6acd07d50953f85231a8eb67c7d9d75017ee8fb73f9d2a2beb0ac986b9b82b2,GPL project test data (web GPL-2.0-or-later; rs GPL-3.0-only),false,phase-02 audit,curate-in-phase-03,testdata/scenarios/<owning-scenario>/payloads/fixtures.test/krpano/pano.xml
fixtures_test_lizardtech_iserv_calcrgn_xml,f7caa07,migration-sources/dezoomify-web/tests/fixtures/remote/fixtures.test/lizardtech/iserv/calcrgn.xml,xml,fixtures.test/lizardtech/iserv/calcrgn.xml,306ec8eed846d0ed9279800a49c20a23be97762eb79521d51d15acbd684d277b,GPL project test data (web GPL-2.0-or-later; rs GPL-3.0-only),false,phase-02 audit,curate-in-phase-03,testdata/scenarios/<owning-scenario>/payloads/fixtures.test/lizardtech/iserv/calcrgn.xml
fixtures_test_scripts_XMLBroker_new_php_xml,f7caa07,migration-sources/dezoomify-web/tests/fixtures/remote/fixtures.test/scripts/XMLBroker.new.php.xml,xml,fixtures.test/scripts/XMLBroker.new.php.xml,3ad5faeca042a99987e18567ed4718d7a200f23988c1018f986288218572d583,GPL project test data (web GPL-2.0-or-later; rs GPL-3.0-only),false,phase-02 audit,curate-in-phase-03,testdata/scenarios/<owning-scenario>/payloads/fixtures.test/scripts/XMLBroker.new.php.xml
fixtures_test_topviewer_data_json,f7caa07,migration-sources/dezoomify-web/tests/fixtures/remote/fixtures.test/topviewer/data.json,json,fixtures.test/topviewer/data.json,7e04ddff8ceb8c117b6527ce71bac57a4628635c250fe55138fbca9e1d870c54,GPL project test data (web GPL-2.0-or-later; rs GPL-3.0-only),false,phase-02 audit,curate-in-phase-03,testdata/scenarios/<owning-scenario>/payloads/fixtures.test/topviewer/data.json
fixtures_test_topviewer_gahetna_html,f7caa07,migration-sources/dezoomify-web/tests/fixtures/remote/fixtures.test/topviewer/gahetna.html,html,fixtures.test/topviewer/gahetna.html,c46466bd9f8fb5f002527a1ac117df72bd03a5196565e5d7d096af7df0e63f74,GPL project test data (web GPL-2.0-or-later; rs GPL-3.0-only),false,phase-02 audit,curate-in-phase-03,testdata/scenarios/<owning-scenario>/payloads/fixtures.test/topviewer/gahetna.html
fixtures_test_topviewer_page_html,f7caa07,migration-sources/dezoomify-web/tests/fixtures/remote/fixtures.test/topviewer/page.html,html,fixtures.test/topviewer/page.html,12b1a1cbded214bae8aa2684b4558fe9736a635ee2a1257cae0dfb30960619b3,GPL project test data (web GPL-2.0-or-later; rs GPL-3.0-only),false,phase-02 audit,curate-in-phase-03,testdata/scenarios/<owning-scenario>/payloads/fixtures.test/topviewer/page.html
fixtures_test_topviewer_rkd_html,f7caa07,migration-sources/dezoomify-web/tests/fixtures/remote/fixtures.test/topviewer/rkd.html,html,fixtures.test/topviewer/rkd.html,ee6e93a7c36996d70d0b8a6456ba01d386c14a43f098c19011159f069f18592e,GPL project test data (web GPL-2.0-or-later; rs GPL-3.0-only),false,phase-02 audit,curate-in-phase-03,testdata/scenarios/<owning-scenario>/payloads/fixtures.test/topviewer/rkd.html
fixtures_test_topviewer_server_html,f7caa07,migration-sources/dezoomify-web/tests/fixtures/remote/fixtures.test/topviewer/server.html,html,fixtures.test/topviewer/server.html,e811772eb654c6153df9174ae140baab81c188bf1a0accb171e07ce9a6171dd0,GPL project test data (web GPL-2.0-or-later; rs GPL-3.0-only),false,phase-02 audit,curate-in-phase-03,testdata/scenarios/<owning-scenario>/payloads/fixtures.test/topviewer/server.html
fixtures_test_view_12_34_html,f7caa07,migration-sources/dezoomify-web/tests/fixtures/remote/fixtures.test/view/12/34.html,html,fixtures.test/view/12/34.html,37147ecd99e0491c0d4a3f2f80861a7def6845a644cfe212c0f2c1b6aa524ad1,GPL project test data (web GPL-2.0-or-later; rs GPL-3.0-only),false,phase-02 audit,curate-in-phase-03,testdata/scenarios/<owning-scenario>/payloads/fixtures.test/view/12/34.html
fixtures_test_vls_zoom_1_html,f7caa07,migration-sources/dezoomify-web/tests/fixtures/remote/fixtures.test/vls/zoom/1.html,html,fixtures.test/vls/zoom/1.html,1981b57a660f06eab3c6f1ebbbe7ad5e0c347bb238115f63cc2b8688b404c247,GPL project test data (web GPL-2.0-or-later; rs GPL-3.0-only),false,phase-02 audit,curate-in-phase-03,testdata/scenarios/<owning-scenario>/payloads/fixtures.test/vls/zoom/1.html
fixtures_test_wmts_WMTSCapabilities_xml,f7caa07,migration-sources/dezoomify-web/tests/fixtures/remote/fixtures.test/wmts/WMTSCapabilities.xml,xml,fixtures.test/wmts/WMTSCapabilities.xml,81d091887955e1379fa97e95744770a8bfe6cbce35a4b291021f6b9c3e044fc4,GPL project test data (web GPL-2.0-or-later; rs GPL-3.0-only),false,phase-02 audit,curate-in-phase-03,testdata/scenarios/<owning-scenario>/payloads/fixtures.test/wmts/WMTSCapabilities.xml
fixtures_test_xl_sample_imgi_xml,f7caa07,migration-sources/dezoomify-web/tests/fixtures/remote/fixtures.test/xl/sample.imgi.xml,xml,fixtures.test/xl/sample.imgi.xml,a05b46b5aaa1907a3d133d0f3d7c6dbb98ba7a15ad54ccdac96123c9e6344c5c,GPL project test data (web GPL-2.0-or-later; rs GPL-3.0-only),false,phase-02 audit,curate-in-phase-03,testdata/scenarios/<owning-scenario>/payloads/fixtures.test/xl/sample.imgi.xml
fixtures_test_zoomify_ImageProperties_xml,f7caa07,migration-sources/dezoomify-web/tests/fixtures/remote/fixtures.test/zoomify/ImageProperties.xml,xml,fixtures.test/zoomify/ImageProperties.xml,8db06c7abea88605d4be80fc16b8cb4bf71caca948fedcf378968b4a5af795d4,GPL project test data (web GPL-2.0-or-later; rs GPL-3.0-only),false,phase-02 audit,curate-in-phase-03,testdata/scenarios/<owning-scenario>/payloads/fixtures.test/zoomify/ImageProperties.xml
fixtures_test_zoomify_flash_html,f7caa07,migration-sources/dezoomify-web/tests/fixtures/remote/fixtures.test/zoomify/flash.html,html,fixtures.test/zoomify/flash.html,22d7ef7977789dbc53de6daa621c4fe0772581adc511f720160e592a485454a9,GPL project test data (web GPL-2.0-or-later; rs GPL-3.0-only),false,phase-02 audit,curate-in-phase-03,testdata/scenarios/<owning-scenario>/payloads/fixtures.test/zoomify/flash.html
fixtures_test_zoomify_fluid_html,f7caa07,migration-sources/dezoomify-web/tests/fixtures/remote/fixtures.test/zoomify/fluid.html,html,fixtures.test/zoomify/fluid.html,a8370f59724f269984f30157b16366d5127b8785bfa22eeb864c0c08818452e9,GPL project test data (web GPL-2.0-or-later; rs GPL-3.0-only),false,phase-02 audit,curate-in-phase-03,testdata/scenarios/<owning-scenario>/payloads/fixtures.test/zoomify/fluid.html
fixtures_test_zoomify_iframe-child_html,f7caa07,migration-sources/dezoomify-web/tests/fixtures/remote/fixtures.test/zoomify/iframe-child.html,html,fixtures.test/zoomify/iframe-child.html,de9fa5cba50e9ccf20ac3740a098b593fc64fdb037426a0d87126f28c2a39304,GPL project test data (web GPL-2.0-or-later; rs GPL-3.0-only),false,phase-02 audit,curate-in-phase-03,testdata/scenarios/<owning-scenario>/payloads/fixtures.test/zoomify/iframe-child.html
fixtures_test_zoomify_iframe-parent_html,f7caa07,migration-sources/dezoomify-web/tests/fixtures/remote/fixtures.test/zoomify/iframe-parent.html,html,fixtures.test/zoomify/iframe-parent.html,f3ff1da9096a12f3fb6551d7d4903d03a4c357281cf14cf0be02c0ba5e72f5d1,GPL project test data (web GPL-2.0-or-later; rs GPL-3.0-only),false,phase-02 audit,curate-in-phase-03,testdata/scenarios/<owning-scenario>/payloads/fixtures.test/zoomify/iframe-parent.html
fixtures_test_zoomify_openlayers_html,f7caa07,migration-sources/dezoomify-web/tests/fixtures/remote/fixtures.test/zoomify/openlayers.html,html,fixtures.test/zoomify/openlayers.html,f18f5014f3efd14737c0a42150de32c188fc28b56dc7999bd6746e660da76bab,GPL project test data (web GPL-2.0-or-later; rs GPL-3.0-only),false,phase-02 audit,curate-in-phase-03,testdata/scenarios/<owning-scenario>/payloads/fixtures.test/zoomify/openlayers.html
fixtures_test_zoomify_tile-source_html,f7caa07,migration-sources/dezoomify-web/tests/fixtures/remote/fixtures.test/zoomify/tile-source.html,html,fixtures.test/zoomify/tile-source.html,d17b37989bfb9f6347b455ea2f408d5ae15cd73a005efc6e20a36e0ba042be4a,GPL project test data (web GPL-2.0-or-later; rs GPL-3.0-only),false,phase-02 audit,curate-in-phase-03,testdata/scenarios/<owning-scenario>/payloads/fixtures.test/zoomify/tile-source.html
fixtures_test_zoomify_url-element_html,f7caa07,migration-sources/dezoomify-web/tests/fixtures/remote/fixtures.test/zoomify/url-element.html,html,fixtures.test/zoomify/url-element.html,43a6e72c69f5fa195c93187cd3cef1d5a4132d9ca77167b31ee50d0f93a4bced,GPL project test data (web GPL-2.0-or-later; rs GPL-3.0-only),false,phase-02 audit,curate-in-phase-03,testdata/scenarios/<owning-scenario>/payloads/fixtures.test/zoomify/url-element.html
fixtures_test_zoomify_multiple-groups_ImageProperties_xml,f7caa07,migration-sources/dezoomify-web/tests/fixtures/remote/fixtures.test/zoomify/multiple-groups/ImageProperties.xml,xml,fixtures.test/zoomify/multiple-groups/ImageProperties.xml,f206769c796382003c211293a9c887faa6ccc3279b1fcf2b32a0b7fd95901436,GPL project test data (web GPL-2.0-or-later; rs GPL-3.0-only),false,phase-02 audit,curate-in-phase-03,testdata/scenarios/<owning-scenario>/payloads/fixtures.test/zoomify/multiple-groups/ImageProperties.xml
fixtures_test_zoomify-base-href_product_html,f7caa07,migration-sources/dezoomify-web/tests/fixtures/remote/fixtures.test/zoomify-base-href/product.html,html,fixtures.test/zoomify-base-href/product.html,0448e48b215b5f6c5955e862c781e06991316845fef3f9ee49d98326ce794b03,GPL project test data (web GPL-2.0-or-later; rs GPL-3.0-only),false,phase-02 audit,curate-in-phase-03,testdata/scenarios/<owning-scenario>/payloads/fixtures.test/zoomify-base-href/product.html
fixtures_test_zoomify-base-href_assets_maps_sample_ImageProperties_xml,f7caa07,migration-sources/dezoomify-web/tests/fixtures/remote/fixtures.test/zoomify-base-href/assets/maps/sample/ImageProperties.xml,xml,fixtures.test/zoomify-base-href/assets/maps/sample/ImageProperties.xml,8db06c7abea88605d4be80fc16b8cb4bf71caca948fedcf378968b4a5af795d4,GPL project test data (web GPL-2.0-or-later; rs GPL-3.0-only),false,phase-02 audit,curate-in-phase-03,testdata/scenarios/<owning-scenario>/payloads/fixtures.test/zoomify-base-href/assets/maps/sample/ImageProperties.xml
fixtures_test_zoomify-full-numtiles_ImageProperties_xml,f7caa07,migration-sources/dezoomify-web/tests/fixtures/remote/fixtures.test/zoomify-full-numtiles/ImageProperties.xml,xml,fixtures.test/zoomify-full-numtiles/ImageProperties.xml,51ad7cfc68789d0fdbf3b0ad5f4b5fba77624a720371b47fbf034519a43c178f,GPL project test data (web GPL-2.0-or-later; rs GPL-3.0-only),false,phase-02 audit,curate-in-phase-03,testdata/scenarios/<owning-scenario>/payloads/fixtures.test/zoomify-full-numtiles/ImageProperties.xml
g_co_arts_fixture_html,f7caa07,migration-sources/dezoomify-web/tests/fixtures/remote/g.co/arts/fixture.html,html,g.co/arts/fixture.html,43e21b831ce89ae59418d1fff9628865f6ad59dd63e0a36dc45788a0b3646a24,GPL project test data (web GPL-2.0-or-later; rs GPL-3.0-only),review:test-double-token,phase-02 audit,curate-in-phase-03,testdata/scenarios/<owning-scenario>/payloads/g.co/arts/fixture.html
gallica_bnf_fr_iiif_ark:_12148_btv1b10500000_f1_info_json,f7caa07,migration-sources/dezoomify-web/tests/fixtures/remote/gallica.bnf.fr/iiif/ark:/12148/btv1b10500000/f1/info.json,json,gallica.bnf.fr/iiif/ark:/12148/btv1b10500000/f1/info.json,ec1bb372634ac6676b0a5f704fc43d138ac7a25dcf3082f6e2632de0a8ca00d1,GPL project test data (web GPL-2.0-or-later; rs GPL-3.0-only),false,phase-02 audit,curate-in-phase-03,testdata/scenarios/<owning-scenario>/payloads/gallica.bnf.fr/iiif/ark:/12148/btv1b10500000/f1/info.json
historischarchief_midden-groningen_nl_collectie_beelden_beelden-view_index_html,f7caa07,migration-sources/dezoomify-web/tests/fixtures/remote/historischarchief.midden-groningen.nl/collectie/beelden/beelden-view/index.html,html,historischarchief.midden-groningen.nl/collectie/beelden/beelden-view/index.html,7b51daa90b89e9e71b274248f6ab0dfd7467ce32aaa0c5f1381d0f829e6b3be1,GPL project test data (web GPL-2.0-or-later; rs GPL-3.0-only),false,phase-02 audit,curate-in-phase-03,testdata/scenarios/<owning-scenario>/payloads/historischarchief.midden-groningen.nl/collectie/beelden/beelden-view/index.html
i_micr_io_KEimL_info_json,f7caa07,migration-sources/dezoomify-web/tests/fixtures/remote/i.micr.io/KEimL/info.json,json,i.micr.io/KEimL/info.json,18733d4469583f0e8c7d716965cc027dc4fd62432a98f983e947619c5f52fc83,GPL project test data (web GPL-2.0-or-later; rs GPL-3.0-only),false,phase-02 audit,curate-in-phase-03,testdata/scenarios/<owning-scenario>/payloads/i.micr.io/KEimL/info.json
i_micr_io_QYRjM_info_json,f7caa07,migration-sources/dezoomify-web/tests/fixtures/remote/i.micr.io/QYRjM/info.json,json,i.micr.io/QYRjM/info.json,c74129e43f00af95d56e80ad844e384126c29c9ff0c4b468807592dd5265c13c,GPL project test data (web GPL-2.0-or-later; rs GPL-3.0-only),false,phase-02 audit,curate-in-phase-03,testdata/scenarios/<owning-scenario>/payloads/i.micr.io/QYRjM/info.json
i_micr_io_Raw01_info_json,f7caa07,migration-sources/dezoomify-web/tests/fixtures/remote/i.micr.io/Raw01/info.json,json,i.micr.io/Raw01/info.json,d960f2cbb01ec101c853386dc86d174ae4cf575ededa07c009833c8549ea145e,GPL project test data (web GPL-2.0-or-later; rs GPL-3.0-only),false,phase-02 audit,curate-in-phase-03,testdata/scenarios/<owning-scenario>/payloads/i.micr.io/Raw01/info.json
images_memorix_nl_demo_topviewjson_memorix_sample-file_json,f7caa07,migration-sources/dezoomify-web/tests/fixtures/remote/images.memorix.nl/demo/topviewjson/memorix/sample-file.json,json,images.memorix.nl/demo/topviewjson/memorix/sample-file.json,7e04ddff8ceb8c117b6527ce71bac57a4628635c250fe55138fbca9e1d870c54,GPL project test data (web GPL-2.0-or-later; rs GPL-3.0-only),false,phase-02 audit,curate-in-phase-03,testdata/scenarios/<owning-scenario>/payloads/images.memorix.nl/demo/topviewjson/memorix/sample-file.json
images_memorix_nl_ghs_topviewjson_memorix_686dce31-a340-7d19-ae6d-419cee43b952_json,f7caa07,migration-sources/dezoomify-web/tests/fixtures/remote/images.memorix.nl/ghs/topviewjson/memorix/686dce31-a340-7d19-ae6d-419cee43b952.json,json,images.memorix.nl/ghs/topviewjson/memorix/686dce31-a340-7d19-ae6d-419cee43b952.json,7e04ddff8ceb8c117b6527ce71bac57a4628635c250fe55138fbca9e1d870c54,GPL project test data (web GPL-2.0-or-later; rs GPL-3.0-only),false,phase-02 audit,curate-in-phase-03,testdata/scenarios/<owning-scenario>/payloads/images.memorix.nl/ghs/topviewjson/memorix/686dce31-a340-7d19-ae6d-419cee43b952.json
images_memorix_nl_gra_topviewjson_memorix_1c7914ee-3f37-0d37-3218-48eba1c3a97f_json,f7caa07,migration-sources/dezoomify-web/tests/fixtures/remote/images.memorix.nl/gra/topviewjson/memorix/1c7914ee-3f37-0d37-3218-48eba1c3a97f.json,json,images.memorix.nl/gra/topviewjson/memorix/1c7914ee-3f37-0d37-3218-48eba1c3a97f.json,7e04ddff8ceb8c117b6527ce71bac57a4628635c250fe55138fbca9e1d870c54,GPL project test data (web GPL-2.0-or-later; rs GPL-3.0-only),false,phase-02 audit,curate-in-phase-03,testdata/scenarios/<owning-scenario>/payloads/images.memorix.nl/gra/topviewjson/memorix/1c7914ee-3f37-0d37-3218-48eba1c3a97f.json
micrio-cdn_vangoghmuseum_nl_s0424M1991_info_json,f7caa07,migration-sources/dezoomify-web/tests/fixtures/remote/micrio-cdn.vangoghmuseum.nl/s0424M1991/info.json,json,micrio-cdn.vangoghmuseum.nl/s0424M1991/info.json,a61b549a66b7c18f8d2764d77c972b413639d3396f08b08bc7740b9f1b6f3ea7,GPL project test data (web GPL-2.0-or-later; rs GPL-3.0-only),false,phase-02 audit,curate-in-phase-03,testdata/scenarios/<owning-scenario>/payloads/micrio-cdn.vangoghmuseum.nl/s0424M1991/info.json
nla_gov_au_nla_obj-152642460_dzi,f7caa07,migration-sources/dezoomify-web/tests/fixtures/remote/nla.gov.au/nla.obj-152642460/dzi,noext,nla.gov.au/nla.obj-152642460/dzi,d0fb21b14fa97e826f35136c57c9b219cd0cdcc90b7eb7399b922d7c592cbc08,GPL project test data (web GPL-2.0-or-later; rs GPL-3.0-only),false,phase-02 audit,curate-in-phase-03,testdata/scenarios/<owning-scenario>/payloads/nla.gov.au/nla.obj-152642460/dzi
polona_pl_resources_item_9388882_index_json,f7caa07,migration-sources/dezoomify-web/tests/fixtures/remote/polona.pl/resources/item/9388882/index.json,json,polona.pl/resources/item/9388882/index.json,297473751af92a729730bec46ce8708f47c0680417de2ab2a81e44dbc91e5162,GPL project test data (web GPL-2.0-or-later; rs GPL-3.0-only),false,phase-02 audit,curate-in-phase-03,testdata/scenarios/<owning-scenario>/payloads/polona.pl/resources/item/9388882/index.json
webservices_memorix_nl_mediabank_media_json,f7caa07,migration-sources/dezoomify-web/tests/fixtures/remote/webservices.memorix.nl/mediabank/media.json,json,webservices.memorix.nl/mediabank/media.json,afb4bc37b175eeee5aeba80222d82ba208ee08d075819bfe2b173a6cc7a3a150,GPL project test data (web GPL-2.0-or-later; rs GPL-3.0-only),false,phase-02 audit,curate-in-phase-03,testdata/scenarios/<owning-scenario>/payloads/webservices.memorix.nl/mediabank/media.json
www_artandarchitecture_org_uk_images_zoom_c462969579cd09dd4ccb690d0e43018757fa2df2_html,f7caa07,migration-sources/dezoomify-web/tests/fixtures/remote/www.artandarchitecture.org.uk/images/zoom/c462969579cd09dd4ccb690d0e43018757fa2df2.html,html,www.artandarchitecture.org.uk/images/zoom/c462969579cd09dd4ccb690d0e43018757fa2df2.html,22d7ef7977789dbc53de6daa621c4fe0772581adc511f720160e592a485454a9,GPL project test data (web GPL-2.0-or-later; rs GPL-3.0-only),false,phase-02 audit,curate-in-phase-03,testdata/scenarios/<owning-scenario>/payloads/www.artandarchitecture.org.uk/images/zoom/c462969579cd09dd4ccb690d0e43018757fa2df2.html
www_artandarchitecture_org_uk_zoomify_ImageProperties_xml,f7caa07,migration-sources/dezoomify-web/tests/fixtures/remote/www.artandarchitecture.org.uk/zoomify/ImageProperties.xml,xml,www.artandarchitecture.org.uk/zoomify/ImageProperties.xml,8db06c7abea88605d4be80fc16b8cb4bf71caca948fedcf378968b4a5af795d4,GPL project test data (web GPL-2.0-or-later; rs GPL-3.0-only),false,phase-02 audit,curate-in-phase-03,testdata/scenarios/<owning-scenario>/payloads/www.artandarchitecture.org.uk/zoomify/ImageProperties.xml
www_bl_uk_manuscripts_Proxy_ashx_xml,f7caa07,migration-sources/dezoomify-web/tests/fixtures/remote/www.bl.uk/manuscripts/Proxy.ashx.xml,xml,www.bl.uk/manuscripts/Proxy.ashx.xml,af3554d990f73332f187c1eaf57b0d23f4c63022470c492da622ec9510ad2ee1,GPL project test data (web GPL-2.0-or-later; rs GPL-3.0-only),false,phase-02 audit,curate-in-phase-03,testdata/scenarios/<owning-scenario>/payloads/www.bl.uk/manuscripts/Proxy.ashx.xml
www_museodelprado_es_en_the-collection_art-work_las-meninas_9fdc7800-9ade-48b0-ab8b-edee94ea877f_html,f7caa07,migration-sources/dezoomify-web/tests/fixtures/remote/www.museodelprado.es/en/the-collection/art-work/las-meninas/9fdc7800-9ade-48b0-ab8b-edee94ea877f.html,html,www.museodelprado.es/en/the-collection/art-work/las-meninas/9fdc7800-9ade-48b0-ab8b-edee94ea877f.html,2cb1b26075c1d4016e51f29431aa129009c0af0a1aba93053beaddd1dbb7423e,GPL project test data (web GPL-2.0-or-later; rs GPL-3.0-only),false,phase-02 audit,curate-in-phase-03,testdata/scenarios/<owning-scenario>/payloads/www.museodelprado.es/en/the-collection/art-work/las-meninas/9fdc7800-9ade-48b0-ab8b-edee94ea877f.html
www_ngv_vic_gov_au_explore_collection_work_3867_index_html,f7caa07,migration-sources/dezoomify-web/tests/fixtures/remote/www.ngv.vic.gov.au/explore/collection/work/3867/index.html,html,www.ngv.vic.gov.au/explore/collection/work/3867/index.html,678a2f8ef13e6652291be598ab22869542bd6031ddbf954b875d598a1bdd669f,GPL project test data (web GPL-2.0-or-later; rs GPL-3.0-only),false,phase-02 audit,curate-in-phase-03,testdata/scenarios/<owning-scenario>/payloads/www.ngv.vic.gov.au/explore/collection/work/3867/index.html
www_ngv_vic_gov_au_zoomify_ImageProperties_xml,f7caa07,migration-sources/dezoomify-web/tests/fixtures/remote/www.ngv.vic.gov.au/zoomify/ImageProperties.xml,xml,www.ngv.vic.gov.au/zoomify/ImageProperties.xml,8db06c7abea88605d4be80fc16b8cb4bf71caca948fedcf378968b4a5af795d4,GPL project test data (web GPL-2.0-or-later; rs GPL-3.0-only),false,phase-02 audit,curate-in-phase-03,testdata/scenarios/<owning-scenario>/payloads/www.ngv.vic.gov.au/zoomify/ImageProperties.xml
coverage_arcgis_MapServer_json,a304e43,migration-sources/dezoomify-rs/dezoomify-core/testdata/coverage/arcgis/MapServer.json,json,coverage/arcgis/MapServer.json,6380f32ba4b92f4563038bad3f498acaa0fc6d336357e24b40ca0447b87d5969,GPL project test data (web GPL-2.0-or-later; rs GPL-3.0-only),false,phase-02 audit,curate-in-phase-03,testdata/scenarios/<owning-scenario>/payloads/coverage/arcgis/MapServer.json
coverage_arcgis_uncached_json,a304e43,migration-sources/dezoomify-rs/dezoomify-core/testdata/coverage/arcgis/uncached.json,json,coverage/arcgis/uncached.json,cba79f3b84bbc5db75df3d77fbfcef48128d74b6ac62cce71aecf984276ea6d4,GPL project test data (web GPL-2.0-or-later; rs GPL-3.0-only),false,phase-02 audit,curate-in-phase-03,testdata/scenarios/<owning-scenario>/payloads/coverage/arcgis/uncached.json
coverage_deepzoom_paris-reader_html,a304e43,migration-sources/dezoomify-rs/dezoomify-core/testdata/coverage/deepzoom/paris-reader.html,html,coverage/deepzoom/paris-reader.html,59980c9f2f84f977cd583a72991c482379f9a56d20bdeabd9c6525cb2e74b92e,GPL project test data (web GPL-2.0-or-later; rs GPL-3.0-only),false,phase-02 audit,curate-in-phase-03,testdata/scenarios/<owning-scenario>/payloads/coverage/deepzoom/paris-reader.html
coverage_fsi_info_txt,a304e43,migration-sources/dezoomify-rs/dezoomify-core/testdata/coverage/fsi/info.txt,txt,coverage/fsi/info.txt,206ccb6989b5ce73434b5925d8b69cde28bbb2f7ddcaa85359a7dce2802190c8,GPL project test data (web GPL-2.0-or-later; rs GPL-3.0-only),false,phase-02 audit,curate-in-phase-03,testdata/scenarios/<owning-scenario>/payloads/coverage/fsi/info.txt
coverage_fsi_page_html,a304e43,migration-sources/dezoomify-rs/dezoomify-core/testdata/coverage/fsi/page.html,html,coverage/fsi/page.html,e866da4c48c55cc0e9e42e719eb59ec7635ef7a6e79e101ba822da1f83e22cf3,GPL project test data (web GPL-2.0-or-later; rs GPL-3.0-only),false,phase-02 audit,curate-in-phase-03,testdata/scenarios/<owning-scenario>/payloads/coverage/fsi/page.html
coverage_hungaricana_inline-images_html,a304e43,migration-sources/dezoomify-rs/dezoomify-core/testdata/coverage/hungaricana/inline-images.html,html,coverage/hungaricana/inline-images.html,77f0487927dce512e4f42f5c54503a999f808ac2ddcb8f3c8011bf613c89bf6b,GPL project test data (web GPL-2.0-or-later; rs GPL-3.0-only),false,phase-02 audit,curate-in-phase-03,testdata/scenarios/<owning-scenario>/payloads/coverage/hungaricana/inline-images.html
coverage_hungaricana_sample_ecw_json,a304e43,migration-sources/dezoomify-rs/dezoomify-core/testdata/coverage/hungaricana/sample.ecw.json,json,coverage/hungaricana/sample.ecw.json,9d9f567c8e3714bb13abd5d55b66d86cc01b582a68fa7ad775bd6130fa52e1a6,GPL project test data (web GPL-2.0-or-later; rs GPL-3.0-only),false,phase-02 audit,curate-in-phase-03,testdata/scenarios/<owning-scenario>/payloads/coverage/hungaricana/sample.ecw.json
coverage_iiif_contentdm-info_json,a304e43,migration-sources/dezoomify-rs/dezoomify-core/testdata/coverage/iiif/contentdm-info.json,json,coverage/iiif/contentdm-info.json,4781e79408faadb98b83e34800b9ddc231d56e9f4321410a18838ca86f77954a,GPL project test data (web GPL-2.0-or-later; rs GPL-3.0-only),false,phase-02 audit,curate-in-phase-03,testdata/scenarios/<owning-scenario>/payloads/coverage/iiif/contentdm-info.json
coverage_iiif_contentdm-metadata_json,a304e43,migration-sources/dezoomify-rs/dezoomify-core/testdata/coverage/iiif/contentdm-metadata.json,json,coverage/iiif/contentdm-metadata.json,a7e93f5ca675c6bfcfa55260d38bb1e1004d7459cd1e1d6fb471ad6f2920ae5b,GPL project test data (web GPL-2.0-or-later; rs GPL-3.0-only),false,phase-02 audit,curate-in-phase-03,testdata/scenarios/<owning-scenario>/payloads/coverage/iiif/contentdm-metadata.json
coverage_iiif_default-port-info_json,a304e43,migration-sources/dezoomify-rs/dezoomify-core/testdata/coverage/iiif/default-port-info.json,json,coverage/iiif/default-port-info.json,c7c387ae02620381ed2b23e22cd9a4717d20e0680c39d9ab24734a951c4bfa31,GPL project test data (web GPL-2.0-or-later; rs GPL-3.0-only),false,phase-02 audit,curate-in-phase-03,testdata/scenarios/<owning-scenario>/payloads/coverage/iiif/default-port-info.json
coverage_iiif_edge-dimensions-info_json,a304e43,migration-sources/dezoomify-rs/dezoomify-core/testdata/coverage/iiif/edge-dimensions-info.json,json,coverage/iiif/edge-dimensions-info.json,b5f220982a64615c2cb4322ff3209aefaa47a1311299b41075b40391099180b5,GPL project test data (web GPL-2.0-or-later; rs GPL-3.0-only),false,phase-02 audit,curate-in-phase-03,testdata/scenarios/<owning-scenario>/payloads/coverage/iiif/edge-dimensions-info.json
coverage_iiif_londonmuseum-info_json,a304e43,migration-sources/dezoomify-rs/dezoomify-core/testdata/coverage/iiif/londonmuseum-info.json,json,coverage/iiif/londonmuseum-info.json,43da87d08df21224dc32c702846e9de9d6949a43f61f505cb7bf401b5e0f94d4,GPL project test data (web GPL-2.0-or-later; rs GPL-3.0-only),false,phase-02 audit,curate-in-phase-03,testdata/scenarios/<owning-scenario>/payloads/coverage/iiif/londonmuseum-info.json
coverage_iiif_londonmuseum-object_html,a304e43,migration-sources/dezoomify-rs/dezoomify-core/testdata/coverage/iiif/londonmuseum-object.html,html,coverage/iiif/londonmuseum-object.html,edcc8e01a2f274f4f733df749304d92754c0738266121fd34ec646f967696d01,GPL project test data (web GPL-2.0-or-later; rs GPL-3.0-only),false,phase-02 audit,curate-in-phase-03,testdata/scenarios/<owning-scenario>/payloads/coverage/iiif/londonmuseum-object.html
coverage_iiif_malformed-tile-info_json,a304e43,migration-sources/dezoomify-rs/dezoomify-core/testdata/coverage/iiif/malformed-tile-info.json,json,coverage/iiif/malformed-tile-info.json,d07d807e388520c5bfeaae1b1df26a350cdcbff0e39b066604953d3e9ad53670,GPL project test data (web GPL-2.0-or-later; rs GPL-3.0-only),false,phase-02 audit,curate-in-phase-03,testdata/scenarios/<owning-scenario>/payloads/coverage/iiif/malformed-tile-info.json
coverage_iiif_map-view-info_json,a304e43,migration-sources/dezoomify-rs/dezoomify-core/testdata/coverage/iiif/map-view-info.json,json,coverage/iiif/map-view-info.json,03743b4802bac9d359fea25094067191ac0a2350a176285942de1c76eb9c9ba9,GPL project test data (web GPL-2.0-or-later; rs GPL-3.0-only),false,phase-02 audit,curate-in-phase-03,testdata/scenarios/<owning-scenario>/payloads/coverage/iiif/map-view-info.json
coverage_iiif_national-gallery-info_json,a304e43,migration-sources/dezoomify-rs/dezoomify-core/testdata/coverage/iiif/national-gallery-info.json,json,coverage/iiif/national-gallery-info.json,208eb21fbed5dcefbd57a514a77b4444597fa73ef116573e5da19f45b1ad7be7,GPL project test data (web GPL-2.0-or-later; rs GPL-3.0-only),false,phase-02 audit,curate-in-phase-03,testdata/scenarios/<owning-scenario>/payloads/coverage/iiif/national-gallery-info.json
coverage_iiif_national-gallery_html,a304e43,migration-sources/dezoomify-rs/dezoomify-core/testdata/coverage/iiif/national-gallery.html,html,coverage/iiif/national-gallery.html,9d35e9db18948913b1eb17d5769517805dd56b18ed537518e024d1f5647b2f68,GPL project test data (web GPL-2.0-or-later; rs GPL-3.0-only),false,phase-02 audit,curate-in-phase-03,testdata/scenarios/<owning-scenario>/payloads/coverage/iiif/national-gallery.html
coverage_iiif_non-divisible-info_json,a304e43,migration-sources/dezoomify-rs/dezoomify-core/testdata/coverage/iiif/non-divisible-info.json,json,coverage/iiif/non-divisible-info.json,185b1b2382e61998307cb1682d6723a5938190b4d3d656a97bba691a082b4577,GPL project test data (web GPL-2.0-or-later; rs GPL-3.0-only),false,phase-02 audit,curate-in-phase-03,testdata/scenarios/<owning-scenario>/payloads/coverage/iiif/non-divisible-info.json
coverage_iiif_onb-manifest_json,a304e43,migration-sources/dezoomify-rs/dezoomify-core/testdata/coverage/iiif/onb-manifest.json,json,coverage/iiif/onb-manifest.json,7abe624f7e23f6ee373147a4181f9bdbee8b72923ca22309d0a338b3562767c9,GPL project test data (web GPL-2.0-or-later; rs GPL-3.0-only),false,phase-02 audit,curate-in-phase-03,testdata/scenarios/<owning-scenario>/payloads/coverage/iiif/onb-manifest.json
coverage_iiif_philamuseum-escaped_html,a304e43,migration-sources/dezoomify-rs/dezoomify-core/testdata/coverage/iiif/philamuseum-escaped.html,html,coverage/iiif/philamuseum-escaped.html,afc62bee8623d97eed652d5dd959c129b63954036149d71bf9c35898e7048d73,GPL project test data (web GPL-2.0-or-later; rs GPL-3.0-only),false,phase-02 audit,curate-in-phase-03,testdata/scenarios/<owning-scenario>/payloads/coverage/iiif/philamuseum-escaped.html
coverage_iiif_philamuseum-info_json,a304e43,migration-sources/dezoomify-rs/dezoomify-core/testdata/coverage/iiif/philamuseum-info.json,json,coverage/iiif/philamuseum-info.json,040d77b959882e4f7e565c3d436aa956380b6e87a67b95c5c14346390d382e9b,GPL project test data (web GPL-2.0-or-later; rs GPL-3.0-only),false,phase-02 audit,curate-in-phase-03,testdata/scenarios/<owning-scenario>/payloads/coverage/iiif/philamuseum-info.json
coverage_iiif_philamuseum-raw-info_json,a304e43,migration-sources/dezoomify-rs/dezoomify-core/testdata/coverage/iiif/philamuseum-raw-info.json,json,coverage/iiif/philamuseum-raw-info.json,68454bbd45c2ce20f368a75ac95754765cec4c31b6084f13c4be319951dc5252,GPL project test data (web GPL-2.0-or-later; rs GPL-3.0-only),false,phase-02 audit,curate-in-phase-03,testdata/scenarios/<owning-scenario>/payloads/coverage/iiif/philamuseum-raw-info.json
coverage_iiif_philamuseum-raw_html,a304e43,migration-sources/dezoomify-rs/dezoomify-core/testdata/coverage/iiif/philamuseum-raw.html,html,coverage/iiif/philamuseum-raw.html,7eaeed4c489802ba0ac1c5c22c2bcad20bbb97a9d0fb102200971338b0ebfb3c,GPL project test data (web GPL-2.0-or-later; rs GPL-3.0-only),false,phase-02 audit,curate-in-phase-03,testdata/scenarios/<owning-scenario>/payloads/coverage/iiif/philamuseum-raw.html
coverage_iiif_plain-image-manifest_json,a304e43,migration-sources/dezoomify-rs/dezoomify-core/testdata/coverage/iiif/plain-image-manifest.json,json,coverage/iiif/plain-image-manifest.json,44142b7f00b2038ac9cdfc7b3d9351970dffcf157c3393b9a24771975cac4181,GPL project test data (web GPL-2.0-or-later; rs GPL-3.0-only),false,phase-02 audit,curate-in-phase-03,testdata/scenarios/<owning-scenario>/payloads/coverage/iiif/plain-image-manifest.json
coverage_iiif_presentation-info_json,a304e43,migration-sources/dezoomify-rs/dezoomify-core/testdata/coverage/iiif/presentation-info.json,json,coverage/iiif/presentation-info.json,5c6fc0bd375c53c99544e967d7443d40e257c83aca3cb34ee3eda7b88cba6801,GPL project test data (web GPL-2.0-or-later; rs GPL-3.0-only),false,phase-02 audit,curate-in-phase-03,testdata/scenarios/<owning-scenario>/payloads/coverage/iiif/presentation-info.json
coverage_iiif_presentation-manifest_json,a304e43,migration-sources/dezoomify-rs/dezoomify-core/testdata/coverage/iiif/presentation-manifest.json,json,coverage/iiif/presentation-manifest.json,efd5adff05c92aaee4bab488321206b5cfcb016897e3d3cb8477dcfb672c16c8,GPL project test data (web GPL-2.0-or-later; rs GPL-3.0-only),false,phase-02 audit,curate-in-phase-03,testdata/scenarios/<owning-scenario>/payloads/coverage/iiif/presentation-manifest.json
coverage_iiif_private-id-info_json,a304e43,migration-sources/dezoomify-rs/dezoomify-core/testdata/coverage/iiif/private-id-info.json,json,coverage/iiif/private-id-info.json,2c809d287e3fb64fb7ab219f060d1dbe303c6e801fd69bf98e71024ea424f578,GPL project test data (web GPL-2.0-or-later; rs GPL-3.0-only),false,phase-02 audit,curate-in-phase-03,testdata/scenarios/<owning-scenario>/payloads/coverage/iiif/private-id-info.json
coverage_iiif_v2-info_json,a304e43,migration-sources/dezoomify-rs/dezoomify-core/testdata/coverage/iiif/v2-info.json,json,coverage/iiif/v2-info.json,9607f90281f94bbfc2fa072e042c198ef1addfa70a13c05bce5f7441f3e18e66,GPL project test data (web GPL-2.0-or-later; rs GPL-3.0-only),false,phase-02 audit,curate-in-phase-03,testdata/scenarios/<owning-scenario>/payloads/coverage/iiif/v2-info.json
coverage_iiif_v3-info_json,a304e43,migration-sources/dezoomify-rs/dezoomify-core/testdata/coverage/iiif/v3-info.json,json,coverage/iiif/v3-info.json,2d7df1493cb5d03cf2f408ac3656dcc726af7ef3c4faa1da87ff80165ec4bc23,GPL project test data (web GPL-2.0-or-later; rs GPL-3.0-only),false,phase-02 audit,curate-in-phase-03,testdata/scenarios/<owning-scenario>/payloads/coverage/iiif/v3-info.json
coverage_lizardtech_calcrgn_xml,a304e43,migration-sources/dezoomify-rs/dezoomify-core/testdata/coverage/lizardtech/calcrgn.xml,xml,coverage/lizardtech/calcrgn.xml,306ec8eed846d0ed9279800a49c20a23be97762eb79521d51d15acbd684d277b,GPL project test data (web GPL-2.0-or-later; rs GPL-3.0-only),false,phase-02 audit,curate-in-phase-03,testdata/scenarios/<owning-scenario>/payloads/coverage/lizardtech/calcrgn.xml
coverage_pnav_image_json,a304e43,migration-sources/dezoomify-rs/dezoomify-core/testdata/coverage/pnav/image.json,json,coverage/pnav/image.json,7118a8282f90e96c741a64eea9ee6cae149152f0a879ac30174a68a2e43f6713,GPL project test data (web GPL-2.0-or-later; rs GPL-3.0-only),false,phase-02 audit,curate-in-phase-03,testdata/scenarios/<owning-scenario>/payloads/coverage/pnav/image.json
coverage_pnav_page_html,a304e43,migration-sources/dezoomify-rs/dezoomify-core/testdata/coverage/pnav/page.html,html,coverage/pnav/page.html,7eaa9aebf3e4a045231d963983396cdce15604babd764457cf544c61357f73b2,GPL project test data (web GPL-2.0-or-later; rs GPL-3.0-only),false,phase-02 audit,curate-in-phase-03,testdata/scenarios/<owning-scenario>/payloads/coverage/pnav/page.html
coverage_topviewer_data_json,a304e43,migration-sources/dezoomify-rs/dezoomify-core/testdata/coverage/topviewer/data.json,json,coverage/topviewer/data.json,371e9e9416d54ef48c13d13cb32f50c5f75682343fc0d51a5b8545935d4ecdff,GPL project test data (web GPL-2.0-or-later; rs GPL-3.0-only),false,phase-02 audit,curate-in-phase-03,testdata/scenarios/<owning-scenario>/payloads/coverage/topviewer/data.json
coverage_topviewer_media_json,a304e43,migration-sources/dezoomify-rs/dezoomify-core/testdata/coverage/topviewer/media.json,json,coverage/topviewer/media.json,110dfb3f455f6ae27fcd7bf3cfcabf6ae5e06d36e40b8c0314db49ef4c8d8bf7,GPL project test data (web GPL-2.0-or-later; rs GPL-3.0-only),false,phase-02 audit,curate-in-phase-03,testdata/scenarios/<owning-scenario>/payloads/coverage/topviewer/media.json
coverage_topviewer_mediabank_html,a304e43,migration-sources/dezoomify-rs/dezoomify-core/testdata/coverage/topviewer/mediabank.html,html,coverage/topviewer/mediabank.html,edfb122a5c4999c18b811d57cba750d409928f1098651890e62116267ec90fdf,GPL project test data (web GPL-2.0-or-later; rs GPL-3.0-only),false,phase-02 audit,curate-in-phase-03,testdata/scenarios/<owning-scenario>/payloads/coverage/topviewer/mediabank.html
coverage_topviewer_thumbnail_html,a304e43,migration-sources/dezoomify-rs/dezoomify-core/testdata/coverage/topviewer/thumbnail.html,html,coverage/topviewer/thumbnail.html,12b1a1cbded214bae8aa2684b4558fe9736a635ee2a1257cae0dfb30960619b3,GPL project test data (web GPL-2.0-or-later; rs GPL-3.0-only),false,phase-02 audit,curate-in-phase-03,testdata/scenarios/<owning-scenario>/payloads/coverage/topviewer/thumbnail.html
coverage_vls_zoom_html,a304e43,migration-sources/dezoomify-rs/dezoomify-core/testdata/coverage/vls/zoom.html,html,coverage/vls/zoom.html,bedff3133d6474797236080d146c55e6cec9768133b69201cdd343f0efa3a5e8,GPL project test data (web GPL-2.0-or-later; rs GPL-3.0-only),false,phase-02 audit,curate-in-phase-03,testdata/scenarios/<owning-scenario>/payloads/coverage/vls/zoom.html
coverage_wmts_WMTSCapabilities_xml,a304e43,migration-sources/dezoomify-rs/dezoomify-core/testdata/coverage/wmts/WMTSCapabilities.xml,xml,coverage/wmts/WMTSCapabilities.xml,05dc2a9e54f67861012277a283703107e0c5db746936ab2919a40f2a03903060,GPL project test data (web GPL-2.0-or-later; rs GPL-3.0-only),false,phase-02 audit,curate-in-phase-03,testdata/scenarios/<owning-scenario>/payloads/coverage/wmts/WMTSCapabilities.xml
coverage_xlimage_pyramid_imgf_xml,a304e43,migration-sources/dezoomify-rs/dezoomify-core/testdata/coverage/xlimage/pyramid.imgf.xml,xml,coverage/xlimage/pyramid.imgf.xml,1730581d9b7e09d77ba872d6d3d26756a8412722cfcaf6c3aebbc8e9ac5c6a6e,GPL project test data (web GPL-2.0-or-later; rs GPL-3.0-only),false,phase-02 audit,curate-in-phase-03,testdata/scenarios/<owning-scenario>/payloads/coverage/xlimage/pyramid.imgf.xml
coverage_xlimage_sample_imgi_xml,a304e43,migration-sources/dezoomify-rs/dezoomify-core/testdata/coverage/xlimage/sample.imgi.xml,xml,coverage/xlimage/sample.imgi.xml,a05b46b5aaa1907a3d133d0f3d7c6dbb98ba7a15ad54ccdac96123c9e6344c5c,GPL project test data (web GPL-2.0-or-later; rs GPL-3.0-only),false,phase-02 audit,curate-in-phase-03,testdata/scenarios/<owning-scenario>/payloads/coverage/xlimage/sample.imgi.xml
coverage_zoomify_ngv-ImageProperties_xml,a304e43,migration-sources/dezoomify-rs/dezoomify-core/testdata/coverage/zoomify/ngv-ImageProperties.xml,xml,coverage/zoomify/ngv-ImageProperties.xml,8db06c7abea88605d4be80fc16b8cb4bf71caca948fedcf378968b4a5af795d4,GPL project test data (web GPL-2.0-or-later; rs GPL-3.0-only),false,phase-02 audit,curate-in-phase-03,testdata/scenarios/<owning-scenario>/payloads/coverage/zoomify/ngv-ImageProperties.xml
coverage_zoomify_ngv_html,a304e43,migration-sources/dezoomify-rs/dezoomify-core/testdata/coverage/zoomify/ngv.html,html,coverage/zoomify/ngv.html,678a2f8ef13e6652291be598ab22869542bd6031ddbf954b875d598a1bdd669f,GPL project test data (web GPL-2.0-or-later; rs GPL-3.0-only),false,phase-02 audit,curate-in-phase-03,testdata/scenarios/<owning-scenario>/payloads/coverage/zoomify/ngv.html
google_arts_and_culture_page_source_html,a304e43,migration-sources/dezoomify-rs/dezoomify-core/testdata/google_arts_and_culture/page_source.html,html,google_arts_and_culture/page_source.html,dbffaf6380fec641e7ab6ec420351b807780bf4e02d4b21a32d317b0b221f66b,GPL project test data (web GPL-2.0-or-later; rs GPL-3.0-only),review:test-double-token,phase-02 audit,curate-in-phase-03,testdata/scenarios/<owning-scenario>/payloads/google_arts_and_culture/page_source.html
google_arts_and_culture_page_source_2021-06-30_html,a304e43,migration-sources/dezoomify-rs/dezoomify-core/testdata/google_arts_and_culture/page_source_2021-06-30.html,html,google_arts_and_culture/page_source_2021-06-30.html,44e4cc977c3e3b52befc3b5abbbe3b17dbdded7fbef5935bae9a4af64b602242,GPL project test data (web GPL-2.0-or-later; rs GPL-3.0-only),review:test-double-token,phase-02 audit,curate-in-phase-03,testdata/scenarios/<owning-scenario>/payloads/google_arts_and_culture/page_source_2021-06-30.html
google_arts_and_culture_page_source_newformat_html,a304e43,migration-sources/dezoomify-rs/dezoomify-core/testdata/google_arts_and_culture/page_source_newformat.html,html,google_arts_and_culture/page_source_newformat.html,7fc7dc107ab3f3fdb4fa0c8161971cc5d641a741a2d04bff5ed8e90ffabb364e,GPL project test data (web GPL-2.0-or-later; rs GPL-3.0-only),review:test-double-token,phase-02 audit,curate-in-phase-03,testdata/scenarios/<owning-scenario>/payloads/google_arts_and_culture/page_source_newformat.html
google_arts_and_culture_page_source_null_html,a304e43,migration-sources/dezoomify-rs/dezoomify-core/testdata/google_arts_and_culture/page_source_null.html,html,google_arts_and_culture/page_source_null.html,b63d2d8dfe0b76d07d87c179afea8b34724aedae73c3f7d26dc271b14aaa2577,GPL project test data (web GPL-2.0-or-later; rs GPL-3.0-only),review:test-double-token,phase-02 audit,curate-in-phase-03,testdata/scenarios/<owning-scenario>/payloads/google_arts_and_culture/page_source_null.html
google_arts_and_culture_page_source_wildflower_html,a304e43,migration-sources/dezoomify-rs/dezoomify-core/testdata/google_arts_and_culture/page_source_wildflower.html,html,google_arts_and_culture/page_source_wildflower.html,fde8eac3cc8862be4ad7dbab6534fa4bb143af84b182be9f8550d012051eca70,GPL project test data (web GPL-2.0-or-later; rs GPL-3.0-only),review:test-double-token,phase-02 audit,curate-in-phase-03,testdata/scenarios/<owning-scenario>/payloads/google_arts_and_culture/page_source_wildflower.html
google_arts_and_culture_tile_jpg,a304e43,migration-sources/dezoomify-rs/dezoomify-core/testdata/google_arts_and_culture/tile.jpg,jpg,google_arts_and_culture/tile.jpg,564df87686e7b43248b32cee5e1c36fd8ca9efc5761779e3aeebd66d2a3e2cfc,GPL project test data (web GPL-2.0-or-later; rs GPL-3.0-only),review:test-double-token,phase-02 audit,curate-in-phase-03,testdata/scenarios/<owning-scenario>/payloads/google_arts_and_culture/tile.jpg
google_arts_and_culture_tile_encrypted_bin,a304e43,migration-sources/dezoomify-rs/dezoomify-core/testdata/google_arts_and_culture/tile_encrypted.bin,bin,google_arts_and_culture/tile_encrypted.bin,6964cac499193de31a5b0c23f4be3996fad22638d460bfbbe6f7ec5ce075a791,GPL project test data (web GPL-2.0-or-later; rs GPL-3.0-only),review:test-double-token,phase-02 audit,curate-in-phase-03,testdata/scenarios/<owning-scenario>/payloads/google_arts_and_culture/tile_encrypted.bin
google_arts_and_culture_tile_info_xml,a304e43,migration-sources/dezoomify-rs/dezoomify-core/testdata/google_arts_and_culture/tile_info.xml,xml,google_arts_and_culture/tile_info.xml,a222d896edd49a0065489cb301cacdc71d6f8a0385c8f3f7d012298ebcc43c40,GPL project test data (web GPL-2.0-or-later; rs GPL-3.0-only),review:test-double-token,phase-02 audit,curate-in-phase-03,testdata/scenarios/<owning-scenario>/payloads/google_arts_and_culture/tile_info.xml
krpano_geografiche_xml,a304e43,migration-sources/dezoomify-rs/dezoomify-core/testdata/krpano/geografiche.xml,xml,krpano/geografiche.xml,a34ec4cb0f20825172844b0826bb5d5e03ebeccecf86d4c17a6f493ceffc5f1a,GPL project test data (web GPL-2.0-or-later; rs GPL-3.0-only),false,phase-02 audit,curate-in-phase-03,testdata/scenarios/<owning-scenario>/payloads/krpano/geografiche.xml
krpano_krpano_360cities_xml,a304e43,migration-sources/dezoomify-rs/dezoomify-core/testdata/krpano/krpano_360cities.xml,xml,krpano/krpano_360cities.xml,cba57f02cf36f018c7c698837187fa92ab88874cc664540cae6f243e8b8d1b27,GPL project test data (web GPL-2.0-or-later; rs GPL-3.0-only),false,phase-02 audit,curate-in-phase-03,testdata/scenarios/<owning-scenario>/payloads/krpano/krpano_360cities.xml
krpano_krpano_scenes_xml,a304e43,migration-sources/dezoomify-rs/dezoomify-core/testdata/krpano/krpano_scenes.xml,xml,krpano/krpano_scenes.xml,2f7cae99cfa79bab1f3030b4ec0f3e18766e623073b579db5745fdb8d2056a55,GPL project test data (web GPL-2.0-or-later; rs GPL-3.0-only),false,phase-02 audit,curate-in-phase-03,testdata/scenarios/<owning-scenario>/payloads/krpano/krpano_scenes.xml
krpano_pba_lille_gigapixels_1515_bellegambe_xml,a304e43,migration-sources/dezoomify-rs/dezoomify-core/testdata/krpano/pba_lille_gigapixels_1515_bellegambe.xml,xml,krpano/pba_lille_gigapixels_1515_bellegambe.xml,81223484fd4182af1a753a04322e71f0cbc10eb86cf4d6b12dae0c5690ce5544,GPL project test data (web GPL-2.0-or-later; rs GPL-3.0-only),false,phase-02 audit,curate-in-phase-03,testdata/scenarios/<owning-scenario>/payloads/krpano/pba_lille_gigapixels_1515_bellegambe.xml
krpano_encrypted_2013-08-09-B_plaintext_xml,a304e43,migration-sources/dezoomify-rs/dezoomify-core/testdata/krpano/encrypted/2013-08-09-B/plaintext.xml,xml,krpano/encrypted/2013-08-09-B/plaintext.xml,f5e1ca4dbc7ac293e3cb7dea3691969266fe85a04bef87a49d0f31d70b5d34b4,GPL project test data (web GPL-2.0-or-later; rs GPL-3.0-only),false,phase-02 audit,curate-in-phase-03,testdata/scenarios/<owning-scenario>/payloads/krpano/encrypted/2013-08-09-B/plaintext.xml
krpano_encrypted_2013-08-09-B_tour_xml,a304e43,migration-sources/dezoomify-rs/dezoomify-core/testdata/krpano/encrypted/2013-08-09-B/tour.xml,xml,krpano/encrypted/2013-08-09-B/tour.xml,c9825732f43babbe67b1d606d371e48917e7012e4d3385e1e732d1b7ecc8deb9,GPL project test data (web GPL-2.0-or-later; rs GPL-3.0-only),false,phase-02 audit,curate-in-phase-03,testdata/scenarios/<owning-scenario>/payloads/krpano/encrypted/2013-08-09-B/tour.xml
micrio_info_json,a304e43,migration-sources/dezoomify-rs/dezoomify-core/testdata/micrio/info.json,json,micrio/info.json,80ee7c66ee39c6d02aacff8fd048a7b765a10bb14c5b51f2e0dfa3d57fb045f9,GPL project test data (web GPL-2.0-or-later; rs GPL-3.0-only),false,phase-02 audit,curate-in-phase-03,testdata/scenarios/<owning-scenario>/payloads/micrio/info.json
micrio_viewer_html,a304e43,migration-sources/dezoomify-rs/dezoomify-core/testdata/micrio/viewer.html,html,micrio/viewer.html,8969368604a052f954f050caf9a041f2fe564467df58bfc0b5244c236d6613ed,GPL project test data (web GPL-2.0-or-later; rs GPL-3.0-only),false,phase-02 audit,curate-in-phase-03,testdata/scenarios/<owning-scenario>/payloads/micrio/viewer.html
deepzoom_expected_result_png,a304e43,migration-sources/dezoomify-rs/testdata/deepzoom/expected_result.png,png,deepzoom/expected_result.png,6ddd1542a4ce6ef8ebeb03903f6337ce5e6cbb5245ba569858397826283a3d10,GPL project test data (web GPL-2.0-or-later; rs GPL-3.0-only),false,phase-02 audit,curate-in-phase-03,testdata/scenarios/<owning-scenario>/payloads/deepzoom/expected_result.png
deepzoom_legacy-embed_html,a304e43,migration-sources/dezoomify-rs/testdata/deepzoom/legacy-embed.html,html,deepzoom/legacy-embed.html,543d2e3b5230a6978ac2f6ad149b85abeb2f23ad2b021f28b4fa4124eb2a4f59,GPL project test data (web GPL-2.0-or-later; rs GPL-3.0-only),false,phase-02 audit,curate-in-phase-03,testdata/scenarios/<owning-scenario>/payloads/deepzoom/legacy-embed.html
deepzoom_legacy_dzi,a304e43,migration-sources/dezoomify-rs/testdata/deepzoom/legacy.dzi,dzi,deepzoom/legacy.dzi,f3d2f700de77a38d6cb54bba46d8e5b81f2ed366087fba6025dfe9086dda97af,GPL project test data (web GPL-2.0-or-later; rs GPL-3.0-only),false,phase-02 audit,curate-in-phase-03,testdata/scenarios/<owning-scenario>/payloads/deepzoom/legacy.dzi
deepzoom_legacy_files_9_0_0_jpg,a304e43,migration-sources/dezoomify-rs/testdata/deepzoom/legacy_files/9/0_0.jpg,jpg,deepzoom/legacy_files/9/0_0.jpg,d3139a75aad73da45b8070fd1078d1ebb93167ee10e0684826f39ef1497a14ac,GPL project test data (web GPL-2.0-or-later; rs GPL-3.0-only),false,phase-02 audit,curate-in-phase-03,testdata/scenarios/<owning-scenario>/payloads/deepzoom/legacy_files/9/0_0.jpg
deepzoom_legacy_files_9_0_1_jpg,a304e43,migration-sources/dezoomify-rs/testdata/deepzoom/legacy_files/9/0_1.jpg,jpg,deepzoom/legacy_files/9/0_1.jpg,58a027cc67623f30307ec1197642dd456628b3ea7a9ec449414215e01ef0f100,GPL project test data (web GPL-2.0-or-later; rs GPL-3.0-only),false,phase-02 audit,curate-in-phase-03,testdata/scenarios/<owning-scenario>/payloads/deepzoom/legacy_files/9/0_1.jpg
deepzoom_legacy_files_9_1_0_jpg,a304e43,migration-sources/dezoomify-rs/testdata/deepzoom/legacy_files/9/1_0.jpg,jpg,deepzoom/legacy_files/9/1_0.jpg,438a43f807849303c7d6c32dd5f5994e1149b222f763a6183e0da213a9baa91d,GPL project test data (web GPL-2.0-or-later; rs GPL-3.0-only),false,phase-02 audit,curate-in-phase-03,testdata/scenarios/<owning-scenario>/payloads/deepzoom/legacy_files/9/1_0.jpg
deepzoom_legacy_files_9_1_1_jpg,a304e43,migration-sources/dezoomify-rs/testdata/deepzoom/legacy_files/9/1_1.jpg,jpg,deepzoom/legacy_files/9/1_1.jpg,98a6c484ceb9724b75534e1bdbc1d8d29f9f4475860900f47416b0391759af94,GPL project test data (web GPL-2.0-or-later; rs GPL-3.0-only),false,phase-02 audit,curate-in-phase-03,testdata/scenarios/<owning-scenario>/payloads/deepzoom/legacy_files/9/1_1.jpg
generic_map_0_0_jpg,a304e43,migration-sources/dezoomify-rs/testdata/generic/map_0_0.jpg,jpg,generic/map_0_0.jpg,d3139a75aad73da45b8070fd1078d1ebb93167ee10e0684826f39ef1497a14ac,GPL project test data (web GPL-2.0-or-later; rs GPL-3.0-only),false,phase-02 audit,curate-in-phase-03,testdata/scenarios/<owning-scenario>/payloads/generic/map_0_0.jpg
generic_map_0_1_jpg,a304e43,migration-sources/dezoomify-rs/testdata/generic/map_0_1.jpg,jpg,generic/map_0_1.jpg,58a027cc67623f30307ec1197642dd456628b3ea7a9ec449414215e01ef0f100,GPL project test data (web GPL-2.0-or-later; rs GPL-3.0-only),false,phase-02 audit,curate-in-phase-03,testdata/scenarios/<owning-scenario>/payloads/generic/map_0_1.jpg
generic_map_1_0_jpg,a304e43,migration-sources/dezoomify-rs/testdata/generic/map_1_0.jpg,jpg,generic/map_1_0.jpg,438a43f807849303c7d6c32dd5f5994e1149b222f763a6183e0da213a9baa91d,GPL project test data (web GPL-2.0-or-later; rs GPL-3.0-only),false,phase-02 audit,curate-in-phase-03,testdata/scenarios/<owning-scenario>/payloads/generic/map_1_0.jpg
generic_map_1_1_jpg,a304e43,migration-sources/dezoomify-rs/testdata/generic/map_1_1.jpg,jpg,generic/map_1_1.jpg,98a6c484ceb9724b75534e1bdbc1d8d29f9f4475860900f47416b0391759af94,GPL project test data (web GPL-2.0-or-later; rs GPL-3.0-only),false,phase-02 audit,curate-in-phase-03,testdata/scenarios/<owning-scenario>/payloads/generic/map_1_1.jpg
generic_map_expected_png,a304e43,migration-sources/dezoomify-rs/testdata/generic/map_expected.png,png,generic/map_expected.png,6ddd1542a4ce6ef8ebeb03903f6337ce5e6cbb5245ba569858397826283a3d10,GPL project test data (web GPL-2.0-or-later; rs GPL-3.0-only),false,phase-02 audit,curate-in-phase-03,testdata/scenarios/<owning-scenario>/payloads/generic/map_expected.png
zoomify_test_custom_size_ImageProperties_xml,a304e43,migration-sources/dezoomify-rs/testdata/zoomify/test_custom_size/ImageProperties.xml,xml,zoomify/test_custom_size/ImageProperties.xml,e2a48c1edeaaaa3c96a0f0a0c1d5d70ea74432f9d0340257233b96c61d4a684f,GPL project test data (web GPL-2.0-or-later; rs GPL-3.0-only),false,phase-02 audit,curate-in-phase-03,testdata/scenarios/<owning-scenario>/payloads/zoomify/test_custom_size/ImageProperties.xml
zoomify_test_custom_size_README_md,a304e43,migration-sources/dezoomify-rs/testdata/zoomify/test_custom_size/README.md,md,zoomify/test_custom_size/README.md,591fde6db54c7d9579853ea305f31ecb413ffb513c79f4ba24a9654c6b237823,GPL project test data (web GPL-2.0-or-later; rs GPL-3.0-only),false,phase-02 audit,curate-in-phase-03,testdata/scenarios/<owning-scenario>/payloads/zoomify/test_custom_size/README.md
zoomify_test_custom_size_expected_result_jpg,a304e43,migration-sources/dezoomify-rs/testdata/zoomify/test_custom_size/expected_result.jpg,jpg,zoomify/test_custom_size/expected_result.jpg,a971431f0450a8a25be56dc636cd357cbcfa9ea8210724762e72f5cdff131fd4,GPL project test data (web GPL-2.0-or-later; rs GPL-3.0-only),false,phase-02 audit,curate-in-phase-03,testdata/scenarios/<owning-scenario>/payloads/zoomify/test_custom_size/expected_result.jpg
zoomify_test_custom_size_expected_result_png,a304e43,migration-sources/dezoomify-rs/testdata/zoomify/test_custom_size/expected_result.png,png,zoomify/test_custom_size/expected_result.png,d333f8fc5172d303d7997fa62ad75cbb16c357ca7f36cc00c1cea817cc2375ef,GPL project test data (web GPL-2.0-or-later; rs GPL-3.0-only),false,phase-02 audit,curate-in-phase-03,testdata/scenarios/<owning-scenario>/payloads/zoomify/test_custom_size/expected_result.png
zoomify_test_custom_size_TileGroup0_3-0-0_jpg,a304e43,migration-sources/dezoomify-rs/testdata/zoomify/test_custom_size/TileGroup0/3-0-0.jpg,jpg,zoomify/test_custom_size/TileGroup0/3-0-0.jpg,4886de10e4ba36629b6be7d020fe4098035fa5a54ade16d0b2ad851f119c1f0e,GPL project test data (web GPL-2.0-or-later; rs GPL-3.0-only),false,phase-02 audit,curate-in-phase-03,testdata/scenarios/<owning-scenario>/payloads/zoomify/test_custom_size/TileGroup0/3-0-0.jpg
zoomify_test_custom_size_TileGroup0_3-0-1_jpg,a304e43,migration-sources/dezoomify-rs/testdata/zoomify/test_custom_size/TileGroup0/3-0-1.jpg,jpg,zoomify/test_custom_size/TileGroup0/3-0-1.jpg,6408b7028d602d80780c0563596a9f873dc50ae328e01e19fcbe705444d05ff4,GPL project test data (web GPL-2.0-or-later; rs GPL-3.0-only),false,phase-02 audit,curate-in-phase-03,testdata/scenarios/<owning-scenario>/payloads/zoomify/test_custom_size/TileGroup0/3-0-1.jpg
zoomify_test_custom_size_TileGroup0_3-0-2_jpg,a304e43,migration-sources/dezoomify-rs/testdata/zoomify/test_custom_size/TileGroup0/3-0-2.jpg,jpg,zoomify/test_custom_size/TileGroup0/3-0-2.jpg,9ca69274d86165aed3b29b6ce4f147b2daf521e35daa25857722575360ec3d29,GPL project test data (web GPL-2.0-or-later; rs GPL-3.0-only),false,phase-02 audit,curate-in-phase-03,testdata/scenarios/<owning-scenario>/payloads/zoomify/test_custom_size/TileGroup0/3-0-2.jpg
zoomify_test_custom_size_TileGroup0_3-0-3_jpg,a304e43,migration-sources/dezoomify-rs/testdata/zoomify/test_custom_size/TileGroup0/3-0-3.jpg,jpg,zoomify/test_custom_size/TileGroup0/3-0-3.jpg,1cbd096f27773925b21ad8d1588ac1e59db0d17ae3ae5b8e8b6d2d5fb9054dd4,GPL project test data (web GPL-2.0-or-later; rs GPL-3.0-only),false,phase-02 audit,curate-in-phase-03,testdata/scenarios/<owning-scenario>/payloads/zoomify/test_custom_size/TileGroup0/3-0-3.jpg
zoomify_test_custom_size_TileGroup0_3-0-4_jpg,a304e43,migration-sources/dezoomify-rs/testdata/zoomify/test_custom_size/TileGroup0/3-0-4.jpg,jpg,zoomify/test_custom_size/TileGroup0/3-0-4.jpg,8fb23e292d567971c03a6e0548969d99647be7cc92a457205ae2bcdec93a3e3e,GPL project test data (web GPL-2.0-or-later; rs GPL-3.0-only),false,phase-02 audit,curate-in-phase-03,testdata/scenarios/<owning-scenario>/payloads/zoomify/test_custom_size/TileGroup0/3-0-4.jpg
zoomify_test_custom_size_TileGroup0_3-0-5_jpg,a304e43,migration-sources/dezoomify-rs/testdata/zoomify/test_custom_size/TileGroup0/3-0-5.jpg,jpg,zoomify/test_custom_size/TileGroup0/3-0-5.jpg,781c8545f1afc1d005f1ae9b7db66b8d8bbbde401fbc7e54e07216a772cd32a1,GPL project test data (web GPL-2.0-or-later; rs GPL-3.0-only),false,phase-02 audit,curate-in-phase-03,testdata/scenarios/<owning-scenario>/payloads/zoomify/test_custom_size/TileGroup0/3-0-5.jpg
zoomify_test_custom_size_TileGroup0_3-0-6_jpg,a304e43,migration-sources/dezoomify-rs/testdata/zoomify/test_custom_size/TileGroup0/3-0-6.jpg,jpg,zoomify/test_custom_size/TileGroup0/3-0-6.jpg,cd4d5544aa644271b9ea7cb0e3a63270927f8f5a27c3c2417b52b701b3735f30,GPL project test data (web GPL-2.0-or-later; rs GPL-3.0-only),false,phase-02 audit,curate-in-phase-03,testdata/scenarios/<owning-scenario>/payloads/zoomify/test_custom_size/TileGroup0/3-0-6.jpg
zoomify_test_custom_size_TileGroup0_3-0-7_jpg,a304e43,migration-sources/dezoomify-rs/testdata/zoomify/test_custom_size/TileGroup0/3-0-7.jpg,jpg,zoomify/test_custom_size/TileGroup0/3-0-7.jpg,b7fe415a4269b23b7337f96b87015dedccf9fb1c8a116e51295a41c2e84f62cd,GPL project test data (web GPL-2.0-or-later; rs GPL-3.0-only),false,phase-02 audit,curate-in-phase-03,testdata/scenarios/<owning-scenario>/payloads/zoomify/test_custom_size/TileGroup0/3-0-7.jpg
zoomify_test_custom_size_TileGroup0_3-0-8_jpg,a304e43,migration-sources/dezoomify-rs/testdata/zoomify/test_custom_size/TileGroup0/3-0-8.jpg,jpg,zoomify/test_custom_size/TileGroup0/3-0-8.jpg,bc12c7061a0eda096bcd9a4a36797289ca371e3c9b4a7932a9f543369bca1e6a,GPL project test data (web GPL-2.0-or-later; rs GPL-3.0-only),false,phase-02 audit,curate-in-phase-03,testdata/scenarios/<owning-scenario>/payloads/zoomify/test_custom_size/TileGroup0/3-0-8.jpg
zoomify_test_custom_size_TileGroup0_3-1-0_jpg,a304e43,migration-sources/dezoomify-rs/testdata/zoomify/test_custom_size/TileGroup0/3-1-0.jpg,jpg,zoomify/test_custom_size/TileGroup0/3-1-0.jpg,176b383089c01586247a93e7c7fe1ca5b8b1e44d3ed9ab80acf675aead42ed08,GPL project test data (web GPL-2.0-or-later; rs GPL-3.0-only),false,phase-02 audit,curate-in-phase-03,testdata/scenarios/<owning-scenario>/payloads/zoomify/test_custom_size/TileGroup0/3-1-0.jpg
zoomify_test_custom_size_TileGroup0_3-1-1_jpg,a304e43,migration-sources/dezoomify-rs/testdata/zoomify/test_custom_size/TileGroup0/3-1-1.jpg,jpg,zoomify/test_custom_size/TileGroup0/3-1-1.jpg,e3ae261e7206072b57a74afbde37698be3dd36f4340090be9a378a6e9e22d695,GPL project test data (web GPL-2.0-or-later; rs GPL-3.0-only),false,phase-02 audit,curate-in-phase-03,testdata/scenarios/<owning-scenario>/payloads/zoomify/test_custom_size/TileGroup0/3-1-1.jpg
zoomify_test_custom_size_TileGroup0_3-1-2_jpg,a304e43,migration-sources/dezoomify-rs/testdata/zoomify/test_custom_size/TileGroup0/3-1-2.jpg,jpg,zoomify/test_custom_size/TileGroup0/3-1-2.jpg,3930857078d9a9c8a082a7e958b8c49d9b320b0b661b6e9993eb7edcb0c1cd00,GPL project test data (web GPL-2.0-or-later; rs GPL-3.0-only),false,phase-02 audit,curate-in-phase-03,testdata/scenarios/<owning-scenario>/payloads/zoomify/test_custom_size/TileGroup0/3-1-2.jpg
zoomify_test_custom_size_TileGroup0_3-1-3_jpg,a304e43,migration-sources/dezoomify-rs/testdata/zoomify/test_custom_size/TileGroup0/3-1-3.jpg,jpg,zoomify/test_custom_size/TileGroup0/3-1-3.jpg,6b29481694985fa4deaac0986b00dabb2e6507ae863d33f152bdbbb6cad6e78c,GPL project test data (web GPL-2.0-or-later; rs GPL-3.0-only),false,phase-02 audit,curate-in-phase-03,testdata/scenarios/<owning-scenario>/payloads/zoomify/test_custom_size/TileGroup0/3-1-3.jpg
zoomify_test_custom_size_TileGroup0_3-1-4_jpg,a304e43,migration-sources/dezoomify-rs/testdata/zoomify/test_custom_size/TileGroup0/3-1-4.jpg,jpg,zoomify/test_custom_size/TileGroup0/3-1-4.jpg,73dd8282c96d528826aa06a7b76da98fff5f2ea9aebfa4aa99506549b0fd67c8,GPL project test data (web GPL-2.0-or-later; rs GPL-3.0-only),false,phase-02 audit,curate-in-phase-03,testdata/scenarios/<owning-scenario>/payloads/zoomify/test_custom_size/TileGroup0/3-1-4.jpg
zoomify_test_custom_size_TileGroup0_3-1-5_jpg,a304e43,migration-sources/dezoomify-rs/testdata/zoomify/test_custom_size/TileGroup0/3-1-5.jpg,jpg,zoomify/test_custom_size/TileGroup0/3-1-5.jpg,70d002e55ce75be4a1bf5b63a06b59b20a3ca0abaffa32e318963dad6207a4b7,GPL project test data (web GPL-2.0-or-later; rs GPL-3.0-only),false,phase-02 audit,curate-in-phase-03,testdata/scenarios/<owning-scenario>/payloads/zoomify/test_custom_size/TileGroup0/3-1-5.jpg
zoomify_test_custom_size_TileGroup0_3-1-6_jpg,a304e43,migration-sources/dezoomify-rs/testdata/zoomify/test_custom_size/TileGroup0/3-1-6.jpg,jpg,zoomify/test_custom_size/TileGroup0/3-1-6.jpg,5f23ac98311a51218121dee5db9d63ac448a79bc71b61a119cfbe9e55475b0b7,GPL project test data (web GPL-2.0-or-later; rs GPL-3.0-only),false,phase-02 audit,curate-in-phase-03,testdata/scenarios/<owning-scenario>/payloads/zoomify/test_custom_size/TileGroup0/3-1-6.jpg
zoomify_test_custom_size_TileGroup0_3-1-7_jpg,a304e43,migration-sources/dezoomify-rs/testdata/zoomify/test_custom_size/TileGroup0/3-1-7.jpg,jpg,zoomify/test_custom_size/TileGroup0/3-1-7.jpg,be477ce082d303fce5c582605016130ff2fef6bed0cc70e1b9a119f3f693139f,GPL project test data (web GPL-2.0-or-later; rs GPL-3.0-only),false,phase-02 audit,curate-in-phase-03,testdata/scenarios/<owning-scenario>/payloads/zoomify/test_custom_size/TileGroup0/3-1-7.jpg
zoomify_test_custom_size_TileGroup0_3-1-8_jpg,a304e43,migration-sources/dezoomify-rs/testdata/zoomify/test_custom_size/TileGroup0/3-1-8.jpg,jpg,zoomify/test_custom_size/TileGroup0/3-1-8.jpg,a070b321a9a723cf18eec97c0fba7882c7cdcb7098cc0b27eac29662cbdb4315,GPL project test data (web GPL-2.0-or-later; rs GPL-3.0-only),false,phase-02 audit,curate-in-phase-03,testdata/scenarios/<owning-scenario>/payloads/zoomify/test_custom_size/TileGroup0/3-1-8.jpg
zoomify_test_custom_size_TileGroup0_3-2-0_jpg,a304e43,migration-sources/dezoomify-rs/testdata/zoomify/test_custom_size/TileGroup0/3-2-0.jpg,jpg,zoomify/test_custom_size/TileGroup0/3-2-0.jpg,d33ff97770ebfa8b4b9b7d64eba006f050418a9cca800e32c9179b5cdb4aa580,GPL project test data (web GPL-2.0-or-later; rs GPL-3.0-only),false,phase-02 audit,curate-in-phase-03,testdata/scenarios/<owning-scenario>/payloads/zoomify/test_custom_size/TileGroup0/3-2-0.jpg
zoomify_test_custom_size_TileGroup0_3-2-1_jpg,a304e43,migration-sources/dezoomify-rs/testdata/zoomify/test_custom_size/TileGroup0/3-2-1.jpg,jpg,zoomify/test_custom_size/TileGroup0/3-2-1.jpg,c0825c6bf065af4cbb6c3618eedfc135e36f731c5e3a58a1ad71ee6fd76835ee,GPL project test data (web GPL-2.0-or-later; rs GPL-3.0-only),false,phase-02 audit,curate-in-phase-03,testdata/scenarios/<owning-scenario>/payloads/zoomify/test_custom_size/TileGroup0/3-2-1.jpg
zoomify_test_custom_size_TileGroup0_3-2-2_jpg,a304e43,migration-sources/dezoomify-rs/testdata/zoomify/test_custom_size/TileGroup0/3-2-2.jpg,jpg,zoomify/test_custom_size/TileGroup0/3-2-2.jpg,ed36126e5c470fde91e792da7d9bd01d39a4cb204592aeb7bd20cbe106ab8ada,GPL project test data (web GPL-2.0-or-later; rs GPL-3.0-only),false,phase-02 audit,curate-in-phase-03,testdata/scenarios/<owning-scenario>/payloads/zoomify/test_custom_size/TileGroup0/3-2-2.jpg
zoomify_test_custom_size_TileGroup0_3-2-3_jpg,a304e43,migration-sources/dezoomify-rs/testdata/zoomify/test_custom_size/TileGroup0/3-2-3.jpg,jpg,zoomify/test_custom_size/TileGroup0/3-2-3.jpg,e6d76c1e809e0ff392af29af079a4a9928c11ec0b8422306cce82ac06bcdcfa2,GPL project test data (web GPL-2.0-or-later; rs GPL-3.0-only),false,phase-02 audit,curate-in-phase-03,testdata/scenarios/<owning-scenario>/payloads/zoomify/test_custom_size/TileGroup0/3-2-3.jpg
zoomify_test_custom_size_TileGroup0_3-2-4_jpg,a304e43,migration-sources/dezoomify-rs/testdata/zoomify/test_custom_size/TileGroup0/3-2-4.jpg,jpg,zoomify/test_custom_size/TileGroup0/3-2-4.jpg,2acfbe854b1be64186c40f102fa0d7d80b43abca53987dad324ec0617ba5aa86,GPL project test data (web GPL-2.0-or-later; rs GPL-3.0-only),false,phase-02 audit,curate-in-phase-03,testdata/scenarios/<owning-scenario>/payloads/zoomify/test_custom_size/TileGroup0/3-2-4.jpg
zoomify_test_custom_size_TileGroup0_3-2-5_jpg,a304e43,migration-sources/dezoomify-rs/testdata/zoomify/test_custom_size/TileGroup0/3-2-5.jpg,jpg,zoomify/test_custom_size/TileGroup0/3-2-5.jpg,b243fb90159649b3de4b0b288becab8004e5a237b048efac1d70a3c0b1ce0f73,GPL project test data (web GPL-2.0-or-later; rs GPL-3.0-only),false,phase-02 audit,curate-in-phase-03,testdata/scenarios/<owning-scenario>/payloads/zoomify/test_custom_size/TileGroup0/3-2-5.jpg
zoomify_test_custom_size_TileGroup0_3-2-6_jpg,a304e43,migration-sources/dezoomify-rs/testdata/zoomify/test_custom_size/TileGroup0/3-2-6.jpg,jpg,zoomify/test_custom_size/TileGroup0/3-2-6.jpg,d4abe06ad2f550caf591e0454ed28288ee4554ff9c06a6e9d7df92bec5b1d8d5,GPL project test data (web GPL-2.0-or-later; rs GPL-3.0-only),false,phase-02 audit,curate-in-phase-03,testdata/scenarios/<owning-scenario>/payloads/zoomify/test_custom_size/TileGroup0/3-2-6.jpg
zoomify_test_custom_size_TileGroup0_3-2-7_jpg,a304e43,migration-sources/dezoomify-rs/testdata/zoomify/test_custom_size/TileGroup0/3-2-7.jpg,jpg,zoomify/test_custom_size/TileGroup0/3-2-7.jpg,af725f37e2adf87d03c2ca6a31646d6857853dc85c53fc28fb6d9cfea3b0b5b8,GPL project test data (web GPL-2.0-or-later; rs GPL-3.0-only),false,phase-02 audit,curate-in-phase-03,testdata/scenarios/<owning-scenario>/payloads/zoomify/test_custom_size/TileGroup0/3-2-7.jpg
zoomify_test_custom_size_TileGroup0_3-2-8_jpg,a304e43,migration-sources/dezoomify-rs/testdata/zoomify/test_custom_size/TileGroup0/3-2-8.jpg,jpg,zoomify/test_custom_size/TileGroup0/3-2-8.jpg,40443cee6978331289dbecc99993f4d51a36aae0e2dccd82e762f36becddfee5,GPL project test data (web GPL-2.0-or-later; rs GPL-3.0-only),false,phase-02 audit,curate-in-phase-03,testdata/scenarios/<owning-scenario>/payloads/zoomify/test_custom_size/TileGroup0/3-2-8.jpg
zoomify_test_custom_size_TileGroup0_3-3-0_jpg,a304e43,migration-sources/dezoomify-rs/testdata/zoomify/test_custom_size/TileGroup0/3-3-0.jpg,jpg,zoomify/test_custom_size/TileGroup0/3-3-0.jpg,fbd75a1e435c544147b61966ba20a9d443e9bd8ce395aa78456459d4b90ff9b1,GPL project test data (web GPL-2.0-or-later; rs GPL-3.0-only),false,phase-02 audit,curate-in-phase-03,testdata/scenarios/<owning-scenario>/payloads/zoomify/test_custom_size/TileGroup0/3-3-0.jpg
zoomify_test_custom_size_TileGroup0_3-3-1_jpg,a304e43,migration-sources/dezoomify-rs/testdata/zoomify/test_custom_size/TileGroup0/3-3-1.jpg,jpg,zoomify/test_custom_size/TileGroup0/3-3-1.jpg,86fa021d596b607c1456581ac9befd5c914c38448ff46e20fc06698e049efee5,GPL project test data (web GPL-2.0-or-later; rs GPL-3.0-only),false,phase-02 audit,curate-in-phase-03,testdata/scenarios/<owning-scenario>/payloads/zoomify/test_custom_size/TileGroup0/3-3-1.jpg
zoomify_test_custom_size_TileGroup0_3-3-2_jpg,a304e43,migration-sources/dezoomify-rs/testdata/zoomify/test_custom_size/TileGroup0/3-3-2.jpg,jpg,zoomify/test_custom_size/TileGroup0/3-3-2.jpg,0fe24e1ebb8e078bdbec5e43f9a1cf6ee07eafa2e2b9307be901b7b885b7045c,GPL project test data (web GPL-2.0-or-later; rs GPL-3.0-only),false,phase-02 audit,curate-in-phase-03,testdata/scenarios/<owning-scenario>/payloads/zoomify/test_custom_size/TileGroup0/3-3-2.jpg
zoomify_test_custom_size_TileGroup0_3-3-3_jpg,a304e43,migration-sources/dezoomify-rs/testdata/zoomify/test_custom_size/TileGroup0/3-3-3.jpg,jpg,zoomify/test_custom_size/TileGroup0/3-3-3.jpg,5d9083f4368b967d4c7500cf86debc1433ca89ca0f74bb1ac2004d269be84481,GPL project test data (web GPL-2.0-or-later; rs GPL-3.0-only),false,phase-02 audit,curate-in-phase-03,testdata/scenarios/<owning-scenario>/payloads/zoomify/test_custom_size/TileGroup0/3-3-3.jpg
zoomify_test_custom_size_TileGroup0_3-3-4_jpg,a304e43,migration-sources/dezoomify-rs/testdata/zoomify/test_custom_size/TileGroup0/3-3-4.jpg,jpg,zoomify/test_custom_size/TileGroup0/3-3-4.jpg,682d786e49d36ba2ae0574dc35b98ea304a1d845341cf7453b127d5d1ce7a17a,GPL project test data (web GPL-2.0-or-later; rs GPL-3.0-only),false,phase-02 audit,curate-in-phase-03,testdata/scenarios/<owning-scenario>/payloads/zoomify/test_custom_size/TileGroup0/3-3-4.jpg
zoomify_test_custom_size_TileGroup0_3-3-5_jpg,a304e43,migration-sources/dezoomify-rs/testdata/zoomify/test_custom_size/TileGroup0/3-3-5.jpg,jpg,zoomify/test_custom_size/TileGroup0/3-3-5.jpg,8d429a22eeeee13bf94b79e59b376db68e1b8515def66158682e7c8076a6a610,GPL project test data (web GPL-2.0-or-later; rs GPL-3.0-only),false,phase-02 audit,curate-in-phase-03,testdata/scenarios/<owning-scenario>/payloads/zoomify/test_custom_size/TileGroup0/3-3-5.jpg
zoomify_test_custom_size_TileGroup0_3-3-6_jpg,a304e43,migration-sources/dezoomify-rs/testdata/zoomify/test_custom_size/TileGroup0/3-3-6.jpg,jpg,zoomify/test_custom_size/TileGroup0/3-3-6.jpg,fcf4997281be308ba823f939c80851cb858bf44353d4d02277fd264a851a887a,GPL project test data (web GPL-2.0-or-later; rs GPL-3.0-only),false,phase-02 audit,curate-in-phase-03,testdata/scenarios/<owning-scenario>/payloads/zoomify/test_custom_size/TileGroup0/3-3-6.jpg
zoomify_test_custom_size_TileGroup0_3-3-7_jpg,a304e43,migration-sources/dezoomify-rs/testdata/zoomify/test_custom_size/TileGroup0/3-3-7.jpg,jpg,zoomify/test_custom_size/TileGroup0/3-3-7.jpg,1fa6a9126afc19c8535a93533db16290dd6d2157e293890ad2661902ceec74ad,GPL project test data (web GPL-2.0-or-later; rs GPL-3.0-only),false,phase-02 audit,curate-in-phase-03,testdata/scenarios/<owning-scenario>/payloads/zoomify/test_custom_size/TileGroup0/3-3-7.jpg
zoomify_test_custom_size_TileGroup0_3-3-8_jpg,a304e43,migration-sources/dezoomify-rs/testdata/zoomify/test_custom_size/TileGroup0/3-3-8.jpg,jpg,zoomify/test_custom_size/TileGroup0/3-3-8.jpg,9788f67269eb3e6ce1e70630b90990350e5dc2095fa597a2660d2d2a53f04dc5,GPL project test data (web GPL-2.0-or-later; rs GPL-3.0-only),false,phase-02 audit,curate-in-phase-03,testdata/scenarios/<owning-scenario>/payloads/zoomify/test_custom_size/TileGroup0/3-3-8.jpg
zoomify_test_custom_size_TileGroup0_3-4-0_jpg,a304e43,migration-sources/dezoomify-rs/testdata/zoomify/test_custom_size/TileGroup0/3-4-0.jpg,jpg,zoomify/test_custom_size/TileGroup0/3-4-0.jpg,a9922d4c83366673e01fe371ec2e5b3c7717f8530eba460d85b73aa17542d006,GPL project test data (web GPL-2.0-or-later; rs GPL-3.0-only),false,phase-02 audit,curate-in-phase-03,testdata/scenarios/<owning-scenario>/payloads/zoomify/test_custom_size/TileGroup0/3-4-0.jpg
zoomify_test_custom_size_TileGroup0_3-4-1_jpg,a304e43,migration-sources/dezoomify-rs/testdata/zoomify/test_custom_size/TileGroup0/3-4-1.jpg,jpg,zoomify/test_custom_size/TileGroup0/3-4-1.jpg,be56a6d90c9865cd0eff5b6a8eb0b1383e0b29eaf0ddbaea53e3dfa5dd64b307,GPL project test data (web GPL-2.0-or-later; rs GPL-3.0-only),false,phase-02 audit,curate-in-phase-03,testdata/scenarios/<owning-scenario>/payloads/zoomify/test_custom_size/TileGroup0/3-4-1.jpg
zoomify_test_custom_size_TileGroup0_3-4-2_jpg,a304e43,migration-sources/dezoomify-rs/testdata/zoomify/test_custom_size/TileGroup0/3-4-2.jpg,jpg,zoomify/test_custom_size/TileGroup0/3-4-2.jpg,134df36af052b32ee9fe77c4c663a59ad92070169ea078817d0536c9dddcd784,GPL project test data (web GPL-2.0-or-later; rs GPL-3.0-only),false,phase-02 audit,curate-in-phase-03,testdata/scenarios/<owning-scenario>/payloads/zoomify/test_custom_size/TileGroup0/3-4-2.jpg
zoomify_test_custom_size_TileGroup0_3-4-3_jpg,a304e43,migration-sources/dezoomify-rs/testdata/zoomify/test_custom_size/TileGroup0/3-4-3.jpg,jpg,zoomify/test_custom_size/TileGroup0/3-4-3.jpg,1af3c26b28e9e35c691f2ca374cf0d5116c17f8653639b2455c60c409d20e1ec,GPL project test data (web GPL-2.0-or-later; rs GPL-3.0-only),false,phase-02 audit,curate-in-phase-03,testdata/scenarios/<owning-scenario>/payloads/zoomify/test_custom_size/TileGroup0/3-4-3.jpg
zoomify_test_custom_size_TileGroup0_3-4-4_jpg,a304e43,migration-sources/dezoomify-rs/testdata/zoomify/test_custom_size/TileGroup0/3-4-4.jpg,jpg,zoomify/test_custom_size/TileGroup0/3-4-4.jpg,22aef355457f219d2f36d44fcba5c8b91017747b0e5a3d2e2a97e893ab04b6ca,GPL project test data (web GPL-2.0-or-later; rs GPL-3.0-only),false,phase-02 audit,curate-in-phase-03,testdata/scenarios/<owning-scenario>/payloads/zoomify/test_custom_size/TileGroup0/3-4-4.jpg
zoomify_test_custom_size_TileGroup0_3-4-5_jpg,a304e43,migration-sources/dezoomify-rs/testdata/zoomify/test_custom_size/TileGroup0/3-4-5.jpg,jpg,zoomify/test_custom_size/TileGroup0/3-4-5.jpg,0930c9d4dfa6a00ae70dc25d210361534f59619fcd92ac7866129a9173ff6173,GPL project test data (web GPL-2.0-or-later; rs GPL-3.0-only),false,phase-02 audit,curate-in-phase-03,testdata/scenarios/<owning-scenario>/payloads/zoomify/test_custom_size/TileGroup0/3-4-5.jpg
zoomify_test_custom_size_TileGroup0_3-4-6_jpg,a304e43,migration-sources/dezoomify-rs/testdata/zoomify/test_custom_size/TileGroup0/3-4-6.jpg,jpg,zoomify/test_custom_size/TileGroup0/3-4-6.jpg,d69c66d835c01f7240ce3eb0ccb3ec4990b745cdc926f4a05dd72a625be8420d,GPL project test data (web GPL-2.0-or-later; rs GPL-3.0-only),false,phase-02 audit,curate-in-phase-03,testdata/scenarios/<owning-scenario>/payloads/zoomify/test_custom_size/TileGroup0/3-4-6.jpg
zoomify_test_custom_size_TileGroup0_3-4-7_jpg,a304e43,migration-sources/dezoomify-rs/testdata/zoomify/test_custom_size/TileGroup0/3-4-7.jpg,jpg,zoomify/test_custom_size/TileGroup0/3-4-7.jpg,9d729dee40a23bb920e970ecd371fefcb3e4ba5661865ea4873d247d9341bf11,GPL project test data (web GPL-2.0-or-later; rs GPL-3.0-only),false,phase-02 audit,curate-in-phase-03,testdata/scenarios/<owning-scenario>/payloads/zoomify/test_custom_size/TileGroup0/3-4-7.jpg
zoomify_test_custom_size_TileGroup0_3-4-8_jpg,a304e43,migration-sources/dezoomify-rs/testdata/zoomify/test_custom_size/TileGroup0/3-4-8.jpg,jpg,zoomify/test_custom_size/TileGroup0/3-4-8.jpg,f1a439e4c37323d9c184619c6903f7ab0ae9c6f3487aa554b1c51b8d163bb02b,GPL project test data (web GPL-2.0-or-later; rs GPL-3.0-only),false,phase-02 audit,curate-in-phase-03,testdata/scenarios/<owning-scenario>/payloads/zoomify/test_custom_size/TileGroup0/3-4-8.jpg
zoomify_test_custom_size_TileGroup0_3-5-0_jpg,a304e43,migration-sources/dezoomify-rs/testdata/zoomify/test_custom_size/TileGroup0/3-5-0.jpg,jpg,zoomify/test_custom_size/TileGroup0/3-5-0.jpg,9a9da5349afa1f0173b904ea28764d89e27f647919f7969d0b2fb70c73bc3ffe,GPL project test data (web GPL-2.0-or-later; rs GPL-3.0-only),false,phase-02 audit,curate-in-phase-03,testdata/scenarios/<owning-scenario>/payloads/zoomify/test_custom_size/TileGroup0/3-5-0.jpg
zoomify_test_custom_size_TileGroup0_3-5-1_jpg,a304e43,migration-sources/dezoomify-rs/testdata/zoomify/test_custom_size/TileGroup0/3-5-1.jpg,jpg,zoomify/test_custom_size/TileGroup0/3-5-1.jpg,96740760f079e66fe17ba84ca152042a48a2c24313c318aeb733d10a5b2ed422,GPL project test data (web GPL-2.0-or-later; rs GPL-3.0-only),false,phase-02 audit,curate-in-phase-03,testdata/scenarios/<owning-scenario>/payloads/zoomify/test_custom_size/TileGroup0/3-5-1.jpg
zoomify_test_custom_size_TileGroup0_3-5-2_jpg,a304e43,migration-sources/dezoomify-rs/testdata/zoomify/test_custom_size/TileGroup0/3-5-2.jpg,jpg,zoomify/test_custom_size/TileGroup0/3-5-2.jpg,53408d5d2a812ae1a06fbb784836ac4f6ed288f00aa9708ef510b7663e52ea50,GPL project test data (web GPL-2.0-or-later; rs GPL-3.0-only),false,phase-02 audit,curate-in-phase-03,testdata/scenarios/<owning-scenario>/payloads/zoomify/test_custom_size/TileGroup0/3-5-2.jpg
zoomify_test_custom_size_TileGroup0_3-5-3_jpg,a304e43,migration-sources/dezoomify-rs/testdata/zoomify/test_custom_size/TileGroup0/3-5-3.jpg,jpg,zoomify/test_custom_size/TileGroup0/3-5-3.jpg,cf4a009a42480f470eb75391c324268ba8196ce5716500b2b8fe1e699d987ede,GPL project test data (web GPL-2.0-or-later; rs GPL-3.0-only),false,phase-02 audit,curate-in-phase-03,testdata/scenarios/<owning-scenario>/payloads/zoomify/test_custom_size/TileGroup0/3-5-3.jpg
zoomify_test_custom_size_TileGroup0_3-5-4_jpg,a304e43,migration-sources/dezoomify-rs/testdata/zoomify/test_custom_size/TileGroup0/3-5-4.jpg,jpg,zoomify/test_custom_size/TileGroup0/3-5-4.jpg,231895b23cdb1c75039db47dc7c251619e74ef8f3f5d0fafbd598bf3d3eef0af,GPL project test data (web GPL-2.0-or-later; rs GPL-3.0-only),false,phase-02 audit,curate-in-phase-03,testdata/scenarios/<owning-scenario>/payloads/zoomify/test_custom_size/TileGroup0/3-5-4.jpg
zoomify_test_custom_size_TileGroup0_3-5-5_jpg,a304e43,migration-sources/dezoomify-rs/testdata/zoomify/test_custom_size/TileGroup0/3-5-5.jpg,jpg,zoomify/test_custom_size/TileGroup0/3-5-5.jpg,b91d5bd6d8a9557cdb7ce79f58dc540a9995cb61076d4801faf4bf0ac1567b90,GPL project test data (web GPL-2.0-or-later; rs GPL-3.0-only),false,phase-02 audit,curate-in-phase-03,testdata/scenarios/<owning-scenario>/payloads/zoomify/test_custom_size/TileGroup0/3-5-5.jpg
zoomify_test_custom_size_TileGroup0_3-5-6_jpg,a304e43,migration-sources/dezoomify-rs/testdata/zoomify/test_custom_size/TileGroup0/3-5-6.jpg,jpg,zoomify/test_custom_size/TileGroup0/3-5-6.jpg,349530dfc2dd9b9fa3403c344d42e596ff00842c6a69e32870ef9c9a2e106b78,GPL project test data (web GPL-2.0-or-later; rs GPL-3.0-only),false,phase-02 audit,curate-in-phase-03,testdata/scenarios/<owning-scenario>/payloads/zoomify/test_custom_size/TileGroup0/3-5-6.jpg
zoomify_test_custom_size_TileGroup0_3-5-7_jpg,a304e43,migration-sources/dezoomify-rs/testdata/zoomify/test_custom_size/TileGroup0/3-5-7.jpg,jpg,zoomify/test_custom_size/TileGroup0/3-5-7.jpg,90526fdb7cb097d92fffcd7c93f95b8ee5169c644bf4e05028b7aed11dfc3061,GPL project test data (web GPL-2.0-or-later; rs GPL-3.0-only),false,phase-02 audit,curate-in-phase-03,testdata/scenarios/<owning-scenario>/payloads/zoomify/test_custom_size/TileGroup0/3-5-7.jpg
zoomify_test_custom_size_TileGroup0_3-5-8_jpg,a304e43,migration-sources/dezoomify-rs/testdata/zoomify/test_custom_size/TileGroup0/3-5-8.jpg,jpg,zoomify/test_custom_size/TileGroup0/3-5-8.jpg,4bd71da9286c7f6f8e88572d3f1ae67e97e69ff6033640985647c53e976ade86,GPL project test data (web GPL-2.0-or-later; rs GPL-3.0-only),false,phase-02 audit,curate-in-phase-03,testdata/scenarios/<owning-scenario>/payloads/zoomify/test_custom_size/TileGroup0/3-5-8.jpg
zoomify_test_custom_size_TileGroup0_3-6-0_jpg,a304e43,migration-sources/dezoomify-rs/testdata/zoomify/test_custom_size/TileGroup0/3-6-0.jpg,jpg,zoomify/test_custom_size/TileGroup0/3-6-0.jpg,3573810f174eab9ed1702b6cc04222f626563394f73d86122907f5975c759f6c,GPL project test data (web GPL-2.0-or-later; rs GPL-3.0-only),false,phase-02 audit,curate-in-phase-03,testdata/scenarios/<owning-scenario>/payloads/zoomify/test_custom_size/TileGroup0/3-6-0.jpg
zoomify_test_custom_size_TileGroup0_3-6-1_jpg,a304e43,migration-sources/dezoomify-rs/testdata/zoomify/test_custom_size/TileGroup0/3-6-1.jpg,jpg,zoomify/test_custom_size/TileGroup0/3-6-1.jpg,37838f700e9a21c5178dc7dfdd804d16cf79d57756f2779849fd386a5bb5fa06,GPL project test data (web GPL-2.0-or-later; rs GPL-3.0-only),false,phase-02 audit,curate-in-phase-03,testdata/scenarios/<owning-scenario>/payloads/zoomify/test_custom_size/TileGroup0/3-6-1.jpg
zoomify_test_custom_size_TileGroup0_3-6-2_jpg,a304e43,migration-sources/dezoomify-rs/testdata/zoomify/test_custom_size/TileGroup0/3-6-2.jpg,jpg,zoomify/test_custom_size/TileGroup0/3-6-2.jpg,189c00de45ca92c232dccf7d40c570de96cc0036b350024f250ec2a78e11a16b,GPL project test data (web GPL-2.0-or-later; rs GPL-3.0-only),false,phase-02 audit,curate-in-phase-03,testdata/scenarios/<owning-scenario>/payloads/zoomify/test_custom_size/TileGroup0/3-6-2.jpg
zoomify_test_custom_size_TileGroup0_3-6-3_jpg,a304e43,migration-sources/dezoomify-rs/testdata/zoomify/test_custom_size/TileGroup0/3-6-3.jpg,jpg,zoomify/test_custom_size/TileGroup0/3-6-3.jpg,a9fa2b72ffc4d57d43b770203a01cae50874a8e5e5f76a64fbe37a521573a618,GPL project test data (web GPL-2.0-or-later; rs GPL-3.0-only),false,phase-02 audit,curate-in-phase-03,testdata/scenarios/<owning-scenario>/payloads/zoomify/test_custom_size/TileGroup0/3-6-3.jpg
zoomify_test_custom_size_TileGroup0_3-6-4_jpg,a304e43,migration-sources/dezoomify-rs/testdata/zoomify/test_custom_size/TileGroup0/3-6-4.jpg,jpg,zoomify/test_custom_size/TileGroup0/3-6-4.jpg,8b11ac3b3b1f1d58f4819a919e4fbfd5cedd1a0d4975111710e6cad5f7f50883,GPL project test data (web GPL-2.0-or-later; rs GPL-3.0-only),false,phase-02 audit,curate-in-phase-03,testdata/scenarios/<owning-scenario>/payloads/zoomify/test_custom_size/TileGroup0/3-6-4.jpg
zoomify_test_custom_size_TileGroup0_3-6-5_jpg,a304e43,migration-sources/dezoomify-rs/testdata/zoomify/test_custom_size/TileGroup0/3-6-5.jpg,jpg,zoomify/test_custom_size/TileGroup0/3-6-5.jpg,cc78c79d38a38abe925079df59c0d873aa3333793951f4aa7fe93f18dd51422a,GPL project test data (web GPL-2.0-or-later; rs GPL-3.0-only),false,phase-02 audit,curate-in-phase-03,testdata/scenarios/<owning-scenario>/payloads/zoomify/test_custom_size/TileGroup0/3-6-5.jpg
zoomify_test_custom_size_TileGroup0_3-6-6_jpg,a304e43,migration-sources/dezoomify-rs/testdata/zoomify/test_custom_size/TileGroup0/3-6-6.jpg,jpg,zoomify/test_custom_size/TileGroup0/3-6-6.jpg,2a7649d2ae21c65f99beda438070859b1232c3d8d79b2da8258267bf3b33edd9,GPL project test data (web GPL-2.0-or-later; rs GPL-3.0-only),false,phase-02 audit,curate-in-phase-03,testdata/scenarios/<owning-scenario>/payloads/zoomify/test_custom_size/TileGroup0/3-6-6.jpg
zoomify_test_custom_size_TileGroup0_3-6-7_jpg,a304e43,migration-sources/dezoomify-rs/testdata/zoomify/test_custom_size/TileGroup0/3-6-7.jpg,jpg,zoomify/test_custom_size/TileGroup0/3-6-7.jpg,84204d8946e8b9eb7e7bf81aada1b5540099c3892cd70dc28e6f7145aa8d2bf3,GPL project test data (web GPL-2.0-or-later; rs GPL-3.0-only),false,phase-02 audit,curate-in-phase-03,testdata/scenarios/<owning-scenario>/payloads/zoomify/test_custom_size/TileGroup0/3-6-7.jpg
zoomify_test_custom_size_TileGroup0_3-6-8_jpg,a304e43,migration-sources/dezoomify-rs/testdata/zoomify/test_custom_size/TileGroup0/3-6-8.jpg,jpg,zoomify/test_custom_size/TileGroup0/3-6-8.jpg,10a0b03c60775c10434c8d94d41772db31c58c8233ffa26588a7021fdc91808e,GPL project test data (web GPL-2.0-or-later; rs GPL-3.0-only),false,phase-02 audit,curate-in-phase-03,testdata/scenarios/<owning-scenario>/payloads/zoomify/test_custom_size/TileGroup0/3-6-8.jpg
